Call ID,Caller ID,Receiver ID,Call Time,Duration,Call Status,Call Outcome,Wait Time (seconds),Rating,Answered,Direction
CALL-0001,+919639071307,+918473796108,2024-10-06 01:37:21,107,Missed,,7,,No,Incoming
CALL-0002,+919357135779,+918277028600,2024-10-17 00:16:21,70,Completed,Unsuccessful,54,5.0,Yes,Incoming
CALL-0003,+919816571168,+918330261059,2024-09-26 05:09:21,198,Missed,,10,,No,Outgoing
CALL-0004,+919663471273,+918821986033,2024-09-28 05:34:21,163,Completed,Unsuccessful,30,2.0,Yes,Outgoing
CALL-0005,+918735608818,+918435610939,2024-09-25 09:51:21,300,Missed,,52,,No,Incoming
CALL-0006,+919197759284,+919156960995,2024-10-07 20:31:21,273,Completed,Follow-up Needed,43,3.0,Yes,Incoming
CALL-0007,+918735608818,+919156960995,2024-09-29 03:59:21,236,Missed,,21,,No,Outgoing
CALL-0008,+917930396532,+919881485378,2024-09-30 11:48:21,80,Voicemail,,11,,No,Incoming
CALL-0009,+917107176165,+919333889496,2024-10-22 10:29:21,221,Missed,,0,,No,Outgoing
CALL-0010,+917107176165,+917907767150,2024-09-28 22:14:21,300,Voicemail,,13,,No,Incoming
CALL-0011,+919694915433,+917511766382,2024-10-19 06:19:21,221,Completed,Follow-up Needed,34,5.0,Yes,Outgoing
CALL-0012,+917595467945,+919881485378,2024-10-11 21:26:21,192,Missed,,25,,No,Outgoing
CALL-0013,+918280683220,+918237905896,2024-10-15 23:13:21,149,Completed,Successful,48,1.0,Yes,Outgoing
CALL-0014,+918732737321,+918983801477,2024-10-06 11:09:21,103,Missed,,27,,No,Outgoing
CALL-0015,+919392143036,+919881485378,2024-10-21 05:23:21,160,Missed,,26,,No,Incoming
CALL-0016,+917107176165,+919175290117,2024-09-28 00:02:21,96,Missed,,49,,No,Outgoing
CALL-0017,+919148124600,+917511766382,2024-09-27 09:42:21,129,Completed,Follow-up Needed,0,4.0,Yes,Outgoing
CALL-0018,+919978543331,+918330261059,2024-10-17 11:07:21,227,Completed,Follow-up Needed,34,4.0,Yes,Outgoing
CALL-0019,+919566302581,+917167835353,2024-10-21 17:14:21,142,Completed,Unsuccessful,49,2.0,Yes,Incoming
CALL-0020,+919663471273,+917511766382,2024-10-10 06:14:21,123,Missed,,36,,No,Incoming
CALL-0021,+919061655667,+918732396243,2024-10-13 20:15:21,208,Voicemail,,16,,No,Incoming
CALL-0022,+919750428395,+917167835353,2024-09-29 23:07:21,75,Voicemail,,55,,No,Outgoing
CALL-0023,+919477124168,+918116372930,2024-10-13 00:06:21,220,Completed,Successful,49,3.0,Yes,Outgoing
CALL-0024,+918280683220,+918230570804,2024-09-30 22:44:21,251,Missed,,48,,No,Outgoing
CALL-0025,+917263771698,+918052292683,2024-10-07 12:55:21,229,Missed,,9,,No,Outgoing
CALL-0026,+917595467945,+918166097535,2024-09-24 20:31:21,261,Voicemail,,35,,No,Incoming
CALL-0027,+918522603755,+918259164023,2024-10-16 00:36:21,43,Voicemail,,9,,No,Incoming
CALL-0028,+919223880416,+917288405329,2024-10-13 22:45:21,255,Completed,Successful,11,4.0,Yes,Outgoing
CALL-0029,+919429054132,+918116372930,2024-10-03 08:33:21,194,Completed,Unsuccessful,58,5.0,Yes,Outgoing
CALL-0030,+917850789285,+918461140276,2024-10-21 09:40:21,220,Completed,Unsuccessful,32,4.0,Yes,Incoming
CALL-0031,+919723196576,+917405461870,2024-09-25 12:30:21,143,Missed,,18,,No,Incoming
CALL-0032,+919723196576,+919670295347,2024-10-11 21:57:21,245,Completed,Follow-up Needed,10,3.0,Yes,Incoming
CALL-0033,+917107176165,+917207716545,2024-10-21 21:26:21,275,Missed,,56,,No,Outgoing
CALL-0034,+919429054132,+919375887601,2024-10-10 03:55:21,42,Voicemail,,14,,No,Incoming
CALL-0035,+918548462595,+918821986033,2024-10-18 11:19:21,76,Missed,,43,,No,Incoming
CALL-0036,+919148124600,+918013879640,2024-09-29 11:40:21,262,Completed,Successful,39,5.0,Yes,Incoming
CALL-0037,+917263771698,+917874400203,2024-10-07 02:47:21,79,Voicemail,,55,,No,Outgoing
CALL-0038,+919853452807,+917593630586,2024-09-23 14:47:21,108,Completed,Successful,56,5.0,Yes,Outgoing
CALL-0039,+917011362360,+918983801477,2024-09-30 10:27:21,48,Completed,Unsuccessful,46,5.0,Yes,Outgoing
CALL-0040,+917506182867,+918537837054,2024-09-23 19:25:21,300,Voicemail,,50,,No,Outgoing
CALL-0041,+917797839134,+919350285161,2024-10-01 19:17:21,273,Missed,,33,,No,Incoming
CALL-0042,+918574377215,+919562006012,2024-09-27 16:11:21,132,Voicemail,,1,,No,Outgoing
CALL-0043,+919379764407,+919975008488,2024-10-05 01:05:21,100,Missed,,54,,No,Incoming
CALL-0044,+919736249837,+917687785376,2024-10-12 19:21:21,287,Completed,Unsuccessful,7,2.0,Yes,Incoming
CALL-0045,+917404939300,+917332942670,2024-10-21 06:56:21,141,Voicemail,,48,,No,Outgoing
CALL-0046,+919997145891,+917334022065,2024-09-26 17:28:21,236,Completed,Successful,19,4.0,Yes,Incoming
CALL-0047,+918311111641,+919350285161,2024-10-09 02:03:21,189,Voicemail,,23,,No,Incoming
CALL-0048,+919806326421,+919081067071,2024-10-04 13:11:21,131,Voicemail,,15,,No,Outgoing
CALL-0049,+918052436608,+919081067071,2024-09-23 08:12:21,241,Missed,,41,,No,Incoming
CALL-0050,+917743272530,+919670295347,2024-09-25 08:07:21,267,Voicemail,,30,,No,Incoming
CALL-0051,+919793872876,+918435610939,2024-10-10 22:56:21,276,Voicemail,,13,,No,Outgoing
CALL-0052,+918673789544,+919915548593,2024-10-19 03:03:21,178,Missed,,26,,No,Incoming
CALL-0053,+917850789285,+918748351510,2024-09-26 03:45:21,204,Missed,,9,,No,Outgoing
CALL-0054,+918913348248,+919375887601,2024-09-22 17:38:21,114,Completed,Successful,40,4.0,Yes,Outgoing
CALL-0055,+919578580074,+918732396243,2024-09-28 08:28:21,82,Missed,,9,,No,Incoming
CALL-0056,+919931973477,+918986357298,2024-09-26 04:28:21,68,Voicemail,,42,,No,Outgoing
CALL-0057,+917897132941,+919246810321,2024-10-10 02:56:21,244,Voicemail,,23,,No,Incoming
CALL-0058,+919646471691,+917977354821,2024-10-08 07:50:21,41,Voicemail,,57,,No,Outgoing
CALL-0059,+917477648744,+917811349206,2024-09-23 10:28:21,204,Voicemail,,13,,No,Outgoing
CALL-0060,+918847601224,+918166097535,2024-09-24 01:19:21,33,Completed,Successful,1,3.0,Yes,Incoming
CALL-0061,+917526265307,+919709988637,2024-10-02 18:25:21,210,Voicemail,,3,,No,Outgoing
CALL-0062,+918975170694,+918461140276,2024-10-14 19:50:21,241,Completed,Follow-up Needed,8,2.0,Yes,Outgoing
CALL-0063,+918294824913,+917207716545,2024-10-17 08:44:21,164,Missed,,42,,No,Incoming
CALL-0064,+919578580074,+917167835353,2024-10-05 15:34:21,113,Voicemail,,26,,No,Incoming
CALL-0065,+917603256707,+919670295347,2024-10-09 03:55:21,100,Completed,Follow-up Needed,11,5.0,Yes,Incoming
CALL-0066,+919837703347,+917414817944,2024-10-02 22:33:21,57,Voicemail,,19,,No,Outgoing
CALL-0067,+919216441572,+918410478219,2024-10-01 21:22:21,174,Voicemail,,39,,No,Incoming
CALL-0068,+917011362360,+917521032597,2024-10-21 00:06:21,185,Completed,Successful,55,4.0,Yes,Outgoing
CALL-0069,+917930396532,+919915548593,2024-10-15 13:47:21,81,Completed,Unsuccessful,28,2.0,Yes,Incoming
CALL-0070,+917545602473,+919375887601,2024-10-09 15:53:21,148,Missed,,13,,No,Incoming
CALL-0071,+917152145192,+919246810321,2024-09-24 17:18:21,71,Voicemail,,42,,No,Incoming
CALL-0072,+918557263847,+917091196874,2024-10-03 23:59:21,103,Missed,,9,,No,Outgoing
CALL-0073,+917457801623,+919350285161,2024-09-30 03:37:21,203,Voicemail,,14,,No,Outgoing
CALL-0074,+918629622685,+919825698942,2024-10-09 10:09:21,210,Completed,Unsuccessful,33,2.0,Yes,Outgoing
CALL-0075,+917897132941,+919864095617,2024-10-03 00:14:21,95,Completed,Follow-up Needed,27,1.0,Yes,Incoming
CALL-0076,+919272695369,+917091196874,2024-10-05 17:35:21,54,Missed,,7,,No,Outgoing
CALL-0077,+918748166202,+917858085351,2024-10-04 17:50:21,276,Missed,,17,,No,Incoming
CALL-0078,+919157230523,+917977354821,2024-10-11 19:17:21,196,Voicemail,,19,,No,Incoming
CALL-0079,+919867802091,+917734579007,2024-09-27 09:47:21,220,Missed,,14,,No,Outgoing
CALL-0080,+918673789544,+918732396243,2024-10-09 02:13:21,248,Completed,Unsuccessful,59,3.0,Yes,Incoming
CALL-0081,+918673789544,+918581686070,2024-10-04 01:58:21,262,Voicemail,,18,,No,Incoming
CALL-0082,+919978543331,+919975008488,2024-10-20 15:19:21,56,Completed,Successful,14,3.0,Yes,Incoming
CALL-0083,+919197759284,+918166097535,2024-10-20 23:22:21,58,Voicemail,,10,,No,Outgoing
CALL-0084,+917011362360,+918116372930,2024-10-09 21:55:21,79,Completed,Follow-up Needed,7,5.0,Yes,Outgoing
CALL-0085,+917603256707,+919081067071,2024-09-26 21:05:21,145,Completed,Successful,18,1.0,Yes,Outgoing
CALL-0086,+919750428395,+919915548593,2024-10-12 17:57:21,245,Missed,,59,,No,Outgoing
CALL-0087,+918280683220,+917334022065,2024-10-03 06:03:21,300,Missed,,52,,No,Outgoing
CALL-0088,+919061655667,+917452738427,2024-10-05 07:31:21,124,Voicemail,,40,,No,Incoming
CALL-0089,+917936347614,+919846807147,2024-10-17 13:09:21,65,Completed,Successful,5,2.0,Yes,Outgoing
CALL-0090,+918525320033,+919864095617,2024-09-23 02:56:21,287,Completed,Successful,59,1.0,Yes,Incoming
CALL-0091,+917129021707,+917977354821,2024-09-24 05:56:21,99,Voicemail,,54,,No,Incoming
CALL-0092,+919157230523,+917977354821,2024-10-20 23:18:21,211,Completed,Successful,7,5.0,Yes,Outgoing
CALL-0093,+917805996429,+919628181988,2024-09-27 07:45:21,296,Voicemail,,46,,No,Outgoing
CALL-0094,+919379764407,+917734579007,2024-10-14 12:23:21,32,Missed,,32,,No,Incoming
CALL-0095,+917467875435,+919251220651,2024-09-29 15:24:21,42,Voicemail,,48,,No,Outgoing
CALL-0096,+918303843326,+917278036431,2024-10-14 01:28:21,296,Completed,Follow-up Needed,30,5.0,Yes,Incoming
CALL-0097,+919639071307,+917288405329,2024-10-17 19:06:21,215,Voicemail,,45,,No,Outgoing
CALL-0098,+917746903438,+917977354821,2024-10-15 11:57:21,289,Voicemail,,8,,No,Incoming
CALL-0099,+917115997029,+919350285161,2024-10-08 15:22:21,174,Completed,Successful,49,2.0,Yes,Outgoing
CALL-0100,+919477124168,+917288405329,2024-10-15 05:53:21,32,Completed,Follow-up Needed,60,3.0,Yes,Incoming
CALL-0101,+917263771698,+918579918949,2024-10-05 06:12:21,71,Voicemail,,32,,No,Incoming
CALL-0102,+919197759284,+919915548593,2024-09-22 16:34:21,275,Completed,Follow-up Needed,28,4.0,Yes,Outgoing
CALL-0103,+917115997029,+918965082689,2024-09-21 18:49:21,54,Voicemail,,19,,No,Outgoing
CALL-0104,+919723196576,+919081067071,2024-10-16 14:06:21,294,Completed,Unsuccessful,43,4.0,Yes,Incoming
CALL-0105,+917930396532,+917452738427,2024-10-06 22:48:21,66,Missed,,25,,No,Outgoing
CALL-0106,+918303843326,+917511766382,2024-10-07 10:31:21,88,Voicemail,,34,,No,Incoming
CALL-0107,+918748166202,+918277028600,2024-10-05 11:53:21,36,Voicemail,,53,,No,Outgoing
CALL-0108,+917936347614,+919964636065,2024-10-02 22:01:21,63,Completed,Unsuccessful,26,5.0,Yes,Incoming
CALL-0109,+917498960625,+918986357298,2024-10-11 17:51:21,246,Voicemail,,15,,No,Incoming
CALL-0110,+917640114772,+917793276485,2024-10-16 11:52:21,204,Voicemail,,5,,No,Incoming
CALL-0111,+918267214224,+917521032597,2024-10-15 05:33:21,150,Completed,Follow-up Needed,41,3.0,Yes,Incoming
CALL-0112,+918311111641,+919333889496,2024-10-09 02:32:21,222,Missed,,24,,No,Outgoing
CALL-0113,+917498960625,+918748351510,2024-10-14 09:39:21,32,Missed,,40,,No,Incoming
CALL-0114,+917526265307,+919406985794,2024-10-19 21:12:21,145,Completed,Unsuccessful,58,1.0,Yes,Outgoing
CALL-0115,+919148124600,+918732396243,2024-09-24 19:20:21,49,Missed,,36,,No,Incoming
CALL-0116,+919378833127,+919709988637,2024-09-30 08:37:21,217,Completed,Unsuccessful,46,2.0,Yes,Outgoing
CALL-0117,+919816571168,+918748351510,2024-10-02 16:25:21,69,Completed,Unsuccessful,24,1.0,Yes,Incoming
CALL-0118,+917936347614,+918522120634,2024-10-03 04:15:21,34,Voicemail,,7,,No,Outgoing
CALL-0119,+919392143036,+918522120634,2024-10-15 22:45:21,177,Completed,Successful,33,4.0,Yes,Outgoing
CALL-0120,+918975170694,+917977354821,2024-10-05 11:22:21,162,Completed,Unsuccessful,26,3.0,Yes,Outgoing
CALL-0121,+917545602473,+919562006012,2024-10-11 22:10:21,242,Completed,Follow-up Needed,35,1.0,Yes,Outgoing
CALL-0122,+919111907563,+917042495003,2024-10-01 09:45:21,86,Voicemail,,0,,No,Incoming
CALL-0123,+917657911313,+919832301240,2024-10-09 09:04:21,149,Voicemail,,33,,No,Incoming
CALL-0124,+917808232057,+919149642761,2024-10-22 05:14:21,97,Completed,Successful,4,2.0,Yes,Outgoing
CALL-0125,+917562567624,+918453225406,2024-10-08 19:03:21,39,Completed,Unsuccessful,50,5.0,Yes,Outgoing
CALL-0126,+919157230523,+917262550302,2024-09-27 17:01:21,48,Completed,Follow-up Needed,51,3.0,Yes,Incoming
CALL-0127,+919223880416,+918330261059,2024-10-16 21:07:21,118,Voicemail,,0,,No,Outgoing
CALL-0128,+919578580074,+917304121367,2024-10-04 09:18:21,51,Voicemail,,29,,No,Outgoing
CALL-0129,+918506904093,+918928155356,2024-10-06 07:26:21,181,Voicemail,,0,,No,Outgoing
CALL-0130,+918732737321,+917521032597,2024-10-09 06:01:21,200,Voicemail,,14,,No,Incoming
CALL-0131,+917011362360,+918530501855,2024-09-21 18:56:21,131,Voicemail,,34,,No,Incoming
CALL-0132,+918673789544,+917977354821,2024-09-25 19:05:21,235,Voicemail,,25,,No,Outgoing
CALL-0133,+919867802091,+918658614242,2024-09-25 05:04:21,297,Completed,Follow-up Needed,5,2.0,Yes,Incoming
CALL-0134,+919806326421,+917734579007,2024-09-24 05:16:21,183,Missed,,5,,No,Outgoing
CALL-0135,+918506904093,+918748351510,2024-09-27 00:30:21,252,Voicemail,,18,,No,Outgoing
CALL-0136,+918584529041,+918469342634,2024-10-08 15:35:21,207,Voicemail,,59,,No,Outgoing
CALL-0137,+919639071307,+917907767150,2024-10-21 01:13:21,63,Missed,,3,,No,Incoming
CALL-0138,+917506182867,+918166097535,2024-09-30 15:36:21,186,Missed,,10,,No,Outgoing
CALL-0139,+918294824913,+917521032597,2024-09-30 08:33:21,145,Voicemail,,12,,No,Incoming
CALL-0140,+918557263847,+919168894481,2024-10-12 03:20:21,261,Completed,Successful,45,2.0,Yes,Outgoing
CALL-0141,+917897132941,+919628181988,2024-09-27 12:59:21,275,Completed,Successful,10,1.0,Yes,Incoming
CALL-0142,+918280683220,+919246810321,2024-10-21 12:43:21,285,Completed,Unsuccessful,55,5.0,Yes,Outgoing
CALL-0143,+919816571168,+919246810321,2024-10-06 12:45:21,42,Voicemail,,35,,No,Incoming
CALL-0144,+918294824913,+917278036431,2024-10-15 17:18:21,279,Voicemail,,26,,No,Incoming
CALL-0145,+919111907563,+917288405329,2024-09-22 05:57:21,234,Completed,Follow-up Needed,28,3.0,Yes,Outgoing
CALL-0146,+917562567624,+917811349206,2024-10-04 04:52:21,103,Voicemail,,54,,No,Outgoing
CALL-0147,+919846906255,+918474939573,2024-09-23 05:32:21,278,Voicemail,,18,,No,Outgoing
CALL-0148,+917477648744,+918352075240,2024-10-22 09:13:21,46,Completed,Follow-up Needed,8,1.0,Yes,Outgoing
CALL-0149,+917467875435,+918166097535,2024-10-18 14:20:21,199,Voicemail,,12,,No,Incoming
CALL-0150,+918052132587,+918469342634,2024-09-29 20:39:21,134,Voicemail,,38,,No,Incoming
CALL-0151,+919837703347,+918052292683,2024-10-21 17:57:21,205,Voicemail,,49,,No,Incoming
CALL-0152,+919867802091,+919406985794,2024-10-19 15:27:21,99,Missed,,14,,No,Outgoing
CALL-0153,+918031211628,+917511766382,2024-10-07 04:23:21,288,Missed,,20,,No,Incoming
CALL-0154,+918913348248,+918579918949,2024-10-18 14:05:21,234,Missed,,18,,No,Incoming
CALL-0155,+917914001766,+919168894481,2024-10-03 20:34:21,213,Completed,Successful,52,4.0,Yes,Outgoing
CALL-0156,+919997145891,+917207716545,2024-10-11 15:00:21,74,Completed,Follow-up Needed,32,1.0,Yes,Outgoing
CALL-0157,+917498960625,+918461140276,2024-09-25 06:02:21,95,Missed,,1,,No,Incoming
CALL-0158,+918847601224,+918928155356,2024-10-21 09:02:21,239,Missed,,9,,No,Incoming
CALL-0159,+918574377215,+917182252048,2024-09-27 13:02:21,225,Completed,Successful,7,3.0,Yes,Incoming
CALL-0160,+917562567624,+917167581591,2024-10-04 09:24:21,211,Missed,,54,,No,Incoming
CALL-0161,+917467875435,+918965082689,2024-10-06 00:26:21,108,Voicemail,,47,,No,Incoming
CALL-0162,+918506904093,+918732396243,2024-09-30 02:31:21,215,Completed,Follow-up Needed,20,2.0,Yes,Outgoing
CALL-0163,+919639071307,+917793276485,2024-09-27 17:39:21,61,Completed,Unsuccessful,16,2.0,Yes,Incoming
CALL-0164,+919197759284,+918013879640,2024-10-14 03:02:21,131,Completed,Unsuccessful,59,4.0,Yes,Outgoing
CALL-0165,+918280683220,+919158891947,2024-10-14 02:49:21,42,Voicemail,,2,,No,Incoming
CALL-0166,+917107176165,+919964636065,2024-09-30 04:45:21,223,Voicemail,,1,,No,Outgoing
CALL-0167,+919566345728,+918277028600,2024-10-13 21:01:21,158,Voicemail,,11,,No,Outgoing
CALL-0168,+917805996429,+918928155356,2024-10-22 10:35:21,30,Voicemail,,28,,No,Incoming
CALL-0169,+917850789285,+919406985794,2024-09-27 00:24:21,226,Missed,,21,,No,Outgoing
CALL-0170,+919272695369,+917687785376,2024-10-01 19:06:21,119,Voicemail,,43,,No,Incoming
CALL-0171,+917897132941,+918574461614,2024-10-02 10:23:21,279,Voicemail,,18,,No,Incoming
CALL-0172,+919566302581,+919246810321,2024-10-04 03:16:21,233,Missed,,50,,No,Outgoing
CALL-0173,+918557263847,+918352075240,2024-10-16 16:25:21,114,Voicemail,,60,,No,Outgoing
CALL-0174,+917743272530,+919709988637,2024-10-01 03:53:21,172,Missed,,21,,No,Incoming
CALL-0175,+919378833127,+918474939573,2024-10-21 08:31:21,292,Missed,,10,,No,Outgoing
CALL-0176,+917011362360,+918277028600,2024-10-18 04:28:21,115,Voicemail,,38,,No,Incoming
CALL-0177,+919793872876,+917858085351,2024-10-19 02:31:21,219,Voicemail,,47,,No,Outgoing
CALL-0178,+917129021707,+918473796108,2024-09-22 16:40:21,290,Voicemail,,38,,No,Outgoing
CALL-0179,+919639071307,+918116372930,2024-10-05 23:29:21,279,Voicemail,,2,,No,Incoming
CALL-0180,+917152145192,+918435610939,2024-10-08 13:51:21,110,Completed,Follow-up Needed,34,3.0,Yes,Outgoing
CALL-0181,+917805996429,+917167581591,2024-10-15 15:49:21,245,Missed,,48,,No,Outgoing
CALL-0182,+918732737321,+918915056330,2024-09-25 22:19:21,267,Completed,Follow-up Needed,53,4.0,Yes,Outgoing
CALL-0183,+917467875435,+917593630586,2024-10-01 22:07:21,293,Voicemail,,46,,No,Incoming
CALL-0184,+919639071307,+918537837054,2024-09-27 12:36:21,157,Voicemail,,43,,No,Incoming
CALL-0185,+917640114772,+917167835353,2024-10-07 09:13:21,100,Missed,,20,,No,Outgoing
CALL-0186,+917897132941,+918237905896,2024-10-02 18:15:21,149,Voicemail,,20,,No,Outgoing
CALL-0187,+917595467945,+917262550302,2024-10-13 11:10:21,299,Voicemail,,36,,No,Outgoing
CALL-0188,+919663471273,+917207716545,2024-09-23 05:43:21,205,Completed,Unsuccessful,32,5.0,Yes,Outgoing
CALL-0189,+917498960625,+918522120634,2024-10-05 03:41:21,154,Completed,Unsuccessful,10,3.0,Yes,Incoming
CALL-0190,+919566345728,+919375887601,2024-10-06 04:36:21,200,Voicemail,,20,,No,Outgoing
CALL-0191,+919223880416,+917895075625,2024-10-08 10:13:21,41,Completed,Successful,31,5.0,Yes,Incoming
CALL-0192,+918557263847,+917332942670,2024-09-26 14:37:21,281,Missed,,29,,No,Incoming
CALL-0193,+917267885747,+918579918949,2024-10-18 11:41:21,177,Completed,Successful,22,1.0,Yes,Outgoing
CALL-0194,+919837703347,+918013879640,2024-10-17 22:25:21,163,Completed,Successful,57,5.0,Yes,Outgoing
CALL-0195,+918294824913,+918928155356,2024-10-03 13:01:21,253,Completed,Unsuccessful,6,3.0,Yes,Incoming
CALL-0196,+917603256707,+917091196874,2024-10-11 21:23:21,261,Completed,Unsuccessful,40,3.0,Yes,Outgoing
CALL-0197,+917914001766,+919832301240,2024-10-13 21:46:21,229,Missed,,60,,No,Incoming
CALL-0198,+919148124600,+918259164023,2024-10-12 03:09:21,297,Voicemail,,42,,No,Incoming
CALL-0199,+919477124168,+919915548593,2024-10-02 22:27:21,192,Voicemail,,23,,No,Outgoing
CALL-0200,+917746903438,+918461140276,2024-09-21 16:28:21,117,Missed,,20,,No,Incoming
CALL-0201,+918719772453,+919846807147,2024-10-19 22:21:21,253,Missed,,55,,No,Outgoing
CALL-0202,+918694999064,+919333889496,2024-10-15 07:29:21,42,Voicemail,,60,,No,Outgoing
CALL-0203,+917595467945,+919825698942,2024-10-15 08:00:21,290,Missed,,52,,No,Outgoing
CALL-0204,+918781851048,+917334022065,2024-09-23 01:10:21,143,Completed,Unsuccessful,40,1.0,Yes,Outgoing
CALL-0205,+918673789544,+919158891947,2024-10-13 03:48:21,210,Voicemail,,8,,No,Outgoing
CALL-0206,+918694999064,+919975008488,2024-10-21 06:17:21,59,Completed,Unsuccessful,57,2.0,Yes,Incoming
CALL-0207,+919793872876,+918965082689,2024-10-08 10:35:21,125,Voicemail,,43,,No,Outgoing
CALL-0208,+918052436608,+919381196902,2024-10-13 06:16:21,269,Completed,Follow-up Needed,2,2.0,Yes,Outgoing
CALL-0209,+917498960625,+918965082689,2024-10-15 19:52:21,267,Completed,Unsuccessful,37,1.0,Yes,Incoming
CALL-0210,+919223880416,+917811349206,2024-10-12 00:30:21,140,Missed,,18,,No,Incoming
CALL-0211,+917562567624,+918928155356,2024-10-17 20:16:21,193,Missed,,4,,No,Incoming
CALL-0212,+918311111641,+918915056330,2024-10-16 08:35:21,34,Completed,Successful,33,2.0,Yes,Incoming
CALL-0213,+917526265307,+918522120634,2024-10-21 14:06:21,225,Missed,,42,,No,Outgoing
CALL-0214,+917457801623,+918013879640,2024-09-23 09:10:21,141,Missed,,55,,No,Incoming
CALL-0215,+919216441572,+918522120634,2024-09-25 15:22:21,247,Voicemail,,25,,No,Outgoing
CALL-0216,+918859953321,+919628181988,2024-10-02 08:27:21,151,Completed,Unsuccessful,56,4.0,Yes,Incoming
CALL-0217,+917897132941,+917042495003,2024-10-03 18:15:21,183,Completed,Successful,33,1.0,Yes,Outgoing
CALL-0218,+918975170694,+919628181988,2024-09-23 12:19:21,84,Voicemail,,46,,No,Outgoing
CALL-0219,+917603256707,+918052292683,2024-10-02 17:09:21,193,Missed,,16,,No,Incoming
CALL-0220,+918584529041,+918230570804,2024-10-22 12:01:21,195,Missed,,53,,No,Incoming
CALL-0221,+918781851048,+918599753306,2024-10-20 01:54:21,296,Completed,Unsuccessful,12,5.0,Yes,Incoming
CALL-0222,+918584529041,+917593630586,2024-10-10 21:18:21,271,Missed,,8,,No,Incoming
CALL-0223,+917562567624,+917091196874,2024-10-02 08:56:21,228,Completed,Successful,43,2.0,Yes,Outgoing
CALL-0224,+918975170694,+917353769221,2024-09-26 13:31:21,184,Completed,Successful,20,4.0,Yes,Incoming
CALL-0225,+919061655667,+919825698942,2024-10-12 09:07:21,181,Completed,Unsuccessful,39,1.0,Yes,Incoming
CALL-0226,+918732737321,+917091196874,2024-10-18 00:29:21,299,Voicemail,,18,,No,Outgoing
CALL-0227,+919723196576,+919975008488,2024-09-27 12:43:21,195,Completed,Follow-up Needed,44,1.0,Yes,Incoming
CALL-0228,+917129021707,+919406985794,2024-10-20 15:07:21,174,Voicemail,,58,,No,Outgoing
CALL-0229,+917657911313,+917304121367,2024-10-07 04:55:21,171,Missed,,29,,No,Incoming
CALL-0230,+918847601224,+918821986033,2024-10-14 01:30:21,125,Voicemail,,57,,No,Incoming
CALL-0231,+919157230523,+917793276485,2024-09-28 15:47:21,66,Completed,Follow-up Needed,20,3.0,Yes,Incoming
CALL-0232,+918781851048,+918791760981,2024-10-04 22:07:21,31,Voicemail,,49,,No,Incoming
CALL-0233,+919197759284,+917167581591,2024-10-07 08:04:21,212,Missed,,6,,No,Incoming
CALL-0234,+918557263847,+917874400203,2024-10-06 19:54:21,43,Missed,,12,,No,Incoming
CALL-0235,+918052436608,+917353769221,2024-10-05 21:03:21,68,Voicemail,,9,,No,Outgoing
CALL-0236,+918404221192,+918965082689,2024-09-28 08:51:21,275,Voicemail,,24,,No,Incoming
CALL-0237,+919853452807,+919081067071,2024-10-21 13:47:21,157,Missed,,21,,No,Outgoing
CALL-0238,+919357135779,+917414817944,2024-10-14 15:24:21,167,Completed,Follow-up Needed,60,2.0,Yes,Outgoing
CALL-0239,+918975170694,+917907767150,2024-10-07 13:10:21,112,Completed,Follow-up Needed,35,1.0,Yes,Incoming
CALL-0240,+918673789544,+919562006012,2024-10-10 02:24:21,258,Missed,,26,,No,Outgoing
CALL-0241,+919837703347,+917262550302,2024-09-22 08:23:21,137,Completed,Follow-up Needed,7,4.0,Yes,Outgoing
CALL-0242,+918388800579,+919709988637,2024-09-21 21:11:21,176,Missed,,46,,No,Outgoing
CALL-0243,+917467875435,+919381196902,2024-09-28 15:12:21,86,Voicemail,,58,,No,Incoming
CALL-0244,+918584529041,+919915548593,2024-10-12 14:04:21,220,Voicemail,,28,,No,Incoming
CALL-0245,+919477124168,+917977354821,2024-10-17 08:53:21,163,Missed,,35,,No,Outgoing
CALL-0246,+918859953321,+919351176818,2024-09-27 16:28:21,75,Voicemail,,45,,No,Outgoing
CALL-0247,+918206777907,+918469342634,2024-10-07 11:00:21,247,Missed,,12,,No,Incoming
CALL-0248,+919646471691,+917687785376,2024-10-09 08:20:21,139,Completed,Successful,8,3.0,Yes,Outgoing
CALL-0249,+917850789285,+919562006012,2024-10-15 04:21:21,91,Missed,,26,,No,Outgoing
CALL-0250,+917640114772,+917192910564,2024-10-22 05:31:21,277,Completed,Successful,52,2.0,Yes,Outgoing
CALL-0251,+917808232057,+917858085351,2024-10-01 15:11:21,300,Missed,,25,,No,Outgoing
CALL-0252,+918206777907,+917278036431,2024-09-26 07:50:21,79,Voicemail,,9,,No,Outgoing
CALL-0253,+918629622685,+918915056330,2024-10-20 10:32:21,138,Completed,Unsuccessful,5,3.0,Yes,Outgoing
CALL-0254,+917797839134,+917593630586,2024-10-13 18:33:21,156,Missed,,1,,No,Outgoing
CALL-0255,+917595467945,+918579918949,2024-09-27 17:52:21,195,Completed,Successful,13,4.0,Yes,Incoming
CALL-0256,+918280683220,+919881485378,2024-10-17 06:25:21,80,Missed,,26,,No,Outgoing
CALL-0257,+919477124168,+919156960995,2024-10-06 10:43:21,248,Missed,,37,,No,Incoming
CALL-0258,+919216441572,+918791760981,2024-10-10 12:22:21,247,Voicemail,,32,,No,Incoming
CALL-0259,+917498960625,+917304121367,2024-10-13 09:56:21,32,Missed,,5,,No,Outgoing
CALL-0260,+918719772453,+919832301240,2024-10-22 05:51:21,163,Completed,Successful,28,1.0,Yes,Outgoing
CALL-0261,+918294824913,+919158891947,2024-10-11 23:46:21,172,Missed,,38,,No,Outgoing
CALL-0262,+919578580074,+919709988637,2024-10-21 20:06:21,121,Completed,Unsuccessful,39,1.0,Yes,Outgoing
CALL-0263,+917930396532,+919670295347,2024-10-09 15:24:21,115,Voicemail,,5,,No,Outgoing
CALL-0264,+917657911313,+918230570804,2024-10-15 16:11:21,290,Missed,,14,,No,Outgoing
CALL-0265,+919867802091,+918230570804,2024-10-10 15:41:21,85,Voicemail,,15,,No,Incoming
CALL-0266,+918735608818,+919406985794,2024-10-04 21:56:21,230,Voicemail,,60,,No,Outgoing
CALL-0267,+917115997029,+917167835353,2024-10-06 15:30:21,204,Missed,,16,,No,Incoming
CALL-0268,+918975170694,+918732396243,2024-09-29 00:54:21,192,Voicemail,,36,,No,Outgoing
CALL-0269,+919646471691,+918052292683,2024-09-27 13:13:21,207,Missed,,21,,No,Outgoing
CALL-0270,+917011362360,+918530501855,2024-09-27 12:23:21,80,Completed,Follow-up Needed,31,3.0,Yes,Outgoing
CALL-0271,+918311111641,+917334022065,2024-09-22 23:48:21,293,Voicemail,,38,,No,Incoming
CALL-0272,+918735608818,+918116372930,2024-10-06 18:07:21,189,Voicemail,,30,,No,Outgoing
CALL-0273,+918781851048,+918259164023,2024-10-14 21:46:21,219,Completed,Unsuccessful,20,5.0,Yes,Outgoing
CALL-0274,+917595467945,+917091196874,2024-09-24 01:09:21,220,Voicemail,,54,,No,Outgoing
CALL-0275,+918311111641,+918748351510,2024-09-29 20:29:21,43,Missed,,5,,No,Outgoing
CALL-0276,+919566345728,+917593630586,2024-10-15 04:52:21,159,Missed,,53,,No,Outgoing
CALL-0277,+919477124168,+918579918949,2024-10-09 11:36:21,114,Missed,,28,,No,Outgoing
CALL-0278,+918781851048,+918052292683,2024-10-02 14:31:21,222,Missed,,37,,No,Incoming
CALL-0279,+919997145891,+919689735267,2024-10-09 09:34:21,78,Completed,Follow-up Needed,29,5.0,Yes,Outgoing
CALL-0280,+918294824913,+919590906319,2024-10-07 05:04:21,177,Missed,,6,,No,Outgoing
CALL-0281,+917930396532,+918230570804,2024-09-22 19:36:21,41,Missed,,53,,No,Incoming
CALL-0282,+919931973477,+918435610939,2024-09-27 17:02:21,118,Voicemail,,35,,No,Incoming
CALL-0283,+918525320033,+918915056330,2024-10-20 19:04:21,120,Voicemail,,37,,No,Incoming
CALL-0284,+917595467945,+918166097535,2024-09-24 10:58:21,297,Voicemail,,50,,No,Outgoing
CALL-0285,+917936347614,+918013879640,2024-10-12 14:05:21,73,Missed,,47,,No,Incoming
CALL-0286,+919566302581,+917811349206,2024-09-30 10:19:21,217,Voicemail,,52,,No,Outgoing
CALL-0287,+919061655667,+919158891947,2024-10-12 17:05:21,193,Completed,Unsuccessful,42,3.0,Yes,Outgoing
CALL-0288,+918311111641,+918983801477,2024-10-14 14:21:21,255,Missed,,26,,No,Incoming
CALL-0289,+917526265307,+919689735267,2024-10-08 12:18:21,161,Completed,Successful,45,4.0,Yes,Outgoing
CALL-0290,+917640114772,+918915056330,2024-09-30 16:22:21,280,Voicemail,,2,,No,Outgoing
CALL-0291,+918388800579,+919964636065,2024-09-26 18:46:21,143,Voicemail,,35,,No,Incoming
CALL-0292,+919061655667,+917793276485,2024-10-01 03:14:21,43,Completed,Unsuccessful,4,4.0,Yes,Outgoing
CALL-0293,+918557263847,+919168894481,2024-09-22 09:14:21,69,Missed,,13,,No,Outgoing
CALL-0294,+919806326421,+919689735267,2024-10-16 03:16:21,213,Completed,Unsuccessful,13,2.0,Yes,Incoming
CALL-0295,+919846906255,+918530501855,2024-10-06 11:38:21,260,Completed,Successful,12,4.0,Yes,Incoming
CALL-0296,+919578580074,+918928155356,2024-10-10 16:08:21,108,Voicemail,,48,,No,Outgoing
CALL-0297,+917743272530,+918013879640,2024-09-22 11:10:21,203,Missed,,40,,No,Outgoing
CALL-0298,+918975170694,+919175290117,2024-09-25 20:40:21,43,Missed,,21,,No,Outgoing
CALL-0299,+919578580074,+918474939573,2024-10-20 02:07:21,49,Missed,,18,,No,Outgoing
CALL-0300,+918311111641,+919590906319,2024-10-05 22:08:21,103,Voicemail,,51,,No,Incoming
CALL-0301,+918548462595,+919980606349,2024-10-21 18:52:21,84,Voicemail,,32,,No,Incoming
CALL-0302,+918825880347,+919246810321,2024-10-05 20:33:21,213,Voicemail,,28,,No,Outgoing
CALL-0303,+919566302581,+917353769221,2024-10-22 10:54:21,37,Completed,Follow-up Needed,41,5.0,Yes,Outgoing
CALL-0304,+918825880347,+918983801477,2024-10-17 03:33:21,77,Completed,Unsuccessful,36,1.0,Yes,Outgoing
CALL-0305,+917263771698,+917304121367,2024-09-30 18:32:21,171,Voicemail,,45,,No,Incoming
CALL-0306,+918404221192,+917042495003,2024-09-25 09:32:21,248,Completed,Unsuccessful,55,2.0,Yes,Incoming
CALL-0307,+919157230523,+919590906319,2024-10-03 16:08:21,160,Missed,,55,,No,Outgoing
CALL-0308,+918748166202,+918116372930,2024-09-29 09:09:21,44,Missed,,59,,No,Incoming
CALL-0309,+919379764407,+919181014895,2024-09-27 11:41:21,180,Missed,,21,,No,Outgoing
CALL-0310,+917640114772,+918352075240,2024-10-04 05:58:21,183,Voicemail,,49,,No,Outgoing
CALL-0311,+919566345728,+919980606349,2024-10-10 16:45:21,288,Completed,Unsuccessful,48,2.0,Yes,Incoming
CALL-0312,+919867802091,+917167835353,2024-10-03 20:42:21,300,Completed,Follow-up Needed,60,3.0,Yes,Incoming
CALL-0313,+918694999064,+919081067071,2024-10-11 06:28:21,137,Missed,,22,,No,Outgoing
CALL-0314,+919978543331,+918530501855,2024-09-22 16:10:21,271,Missed,,42,,No,Incoming
CALL-0315,+918859953321,+918986357298,2024-09-25 13:44:21,166,Missed,,12,,No,Outgoing
CALL-0316,+918859953321,+919590906319,2024-10-13 00:56:21,146,Completed,Successful,38,2.0,Yes,Incoming
CALL-0317,+917930396532,+918461140276,2024-09-29 03:28:21,225,Voicemail,,50,,No,Outgoing
CALL-0318,+919997145891,+918013879640,2024-10-20 10:43:21,186,Completed,Unsuccessful,12,4.0,Yes,Incoming
CALL-0319,+919853452807,+919709988637,2024-10-17 05:49:21,195,Completed,Unsuccessful,25,2.0,Yes,Incoming
CALL-0320,+917657911313,+918530501855,2024-10-05 06:40:21,81,Completed,Follow-up Needed,49,4.0,Yes,Outgoing
CALL-0321,+917797952570,+917304121367,2024-10-12 04:55:21,215,Missed,,0,,No,Incoming
CALL-0322,+919978543331,+917042495003,2024-10-21 18:55:21,104,Voicemail,,42,,No,Incoming
CALL-0323,+919825969307,+919825698942,2024-09-28 12:16:21,83,Missed,,54,,No,Incoming
CALL-0324,+919111907563,+919081518972,2024-09-23 20:53:21,58,Voicemail,,32,,No,Incoming
CALL-0325,+917797839134,+918352075240,2024-09-28 00:55:21,54,Completed,Successful,30,4.0,Yes,Incoming
CALL-0326,+919392143036,+918821986033,2024-10-18 05:39:21,292,Voicemail,,23,,No,Outgoing
CALL-0327,+919111907563,+919825698942,2024-09-24 17:35:21,92,Completed,Successful,59,2.0,Yes,Outgoing
CALL-0328,+918781851048,+918599753306,2024-09-24 22:06:21,220,Voicemail,,59,,No,Incoming
CALL-0329,+918206777907,+919081518972,2024-09-22 05:53:21,58,Missed,,43,,No,Incoming
CALL-0330,+917506182867,+917874400203,2024-09-23 04:56:21,126,Completed,Unsuccessful,7,2.0,Yes,Incoming
CALL-0331,+917115997029,+919251220651,2024-09-27 22:14:21,237,Missed,,23,,No,Outgoing
CALL-0332,+919750428395,+918410478219,2024-10-07 21:14:21,179,Missed,,37,,No,Incoming
CALL-0333,+919750428395,+917793276485,2024-10-07 10:07:21,83,Missed,,15,,No,Outgoing
CALL-0334,+919978543331,+918928155356,2024-09-30 10:36:21,226,Completed,Follow-up Needed,27,2.0,Yes,Outgoing
CALL-0335,+918557263847,+917192910564,2024-09-28 11:07:21,255,Voicemail,,11,,No,Outgoing
CALL-0336,+918303843326,+918461140276,2024-10-15 05:07:21,205,Voicemail,,17,,No,Outgoing
CALL-0337,+918506904093,+917182252048,2024-10-15 04:27:21,247,Missed,,60,,No,Outgoing
CALL-0338,+918825880347,+917811349206,2024-10-18 01:35:21,190,Completed,Successful,29,5.0,Yes,Incoming
CALL-0339,+919272695369,+918915056330,2024-10-12 16:42:21,287,Voicemail,,26,,No,Incoming
CALL-0340,+919997145891,+919709988637,2024-10-06 07:23:21,245,Completed,Follow-up Needed,11,2.0,Yes,Incoming
CALL-0341,+917657911313,+919181014895,2024-10-22 05:30:21,208,Completed,Unsuccessful,15,3.0,Yes,Outgoing
CALL-0342,+919816571168,+919156960995,2024-10-20 12:02:21,162,Completed,Unsuccessful,14,2.0,Yes,Incoming
CALL-0343,+919111907563,+919081067071,2024-09-21 14:50:21,271,Missed,,22,,No,Outgoing
CALL-0344,+919723196576,+918453225406,2024-10-18 12:57:21,234,Completed,Follow-up Needed,46,4.0,Yes,Incoming
CALL-0345,+918584529041,+918435610939,2024-10-08 23:27:21,229,Completed,Successful,33,3.0,Yes,Outgoing
CALL-0346,+919272695369,+919590906319,2024-10-02 13:02:21,288,Missed,,15,,No,Outgoing
CALL-0347,+917850789285,+918230570804,2024-10-11 05:51:21,146,Missed,,35,,No,Outgoing
CALL-0348,+917930396532,+919168894481,2024-10-07 09:29:21,251,Missed,,58,,No,Incoming
CALL-0349,+918052436608,+918928155356,2024-10-09 01:36:21,249,Missed,,3,,No,Outgoing
CALL-0350,+917595467945,+917192910564,2024-09-23 02:28:21,138,Voicemail,,4,,No,Outgoing
CALL-0351,+917176335481,+918230570804,2024-10-04 11:42:21,213,Completed,Successful,18,1.0,Yes,Incoming
CALL-0352,+917457801623,+918330261059,2024-10-07 16:22:21,166,Missed,,24,,No,Incoming
CALL-0353,+917011362360,+918469342634,2024-10-11 11:32:21,104,Voicemail,,27,,No,Incoming
CALL-0354,+917743272530,+917262550302,2024-10-21 01:51:21,67,Completed,Successful,1,3.0,Yes,Outgoing
CALL-0355,+919997145891,+918272454646,2024-10-17 11:46:21,277,Voicemail,,1,,No,Outgoing
CALL-0356,+918052436608,+917304121367,2024-10-04 21:23:21,176,Completed,Unsuccessful,11,1.0,Yes,Incoming
CALL-0357,+918574377215,+917192910564,2024-10-15 19:00:21,294,Missed,,56,,No,Outgoing
CALL-0358,+919357135779,+918574461614,2024-10-11 21:39:21,72,Voicemail,,58,,No,Incoming
CALL-0359,+917746903438,+918599753306,2024-10-03 19:47:21,135,Missed,,55,,No,Incoming
CALL-0360,+917545602473,+919168894481,2024-10-12 23:42:21,225,Voicemail,,5,,No,Incoming
CALL-0361,+919750428395,+919964636065,2024-10-08 05:48:21,77,Voicemail,,35,,No,Outgoing
CALL-0362,+919694915433,+918348436710,2024-10-12 19:00:21,226,Voicemail,,55,,No,Incoming
CALL-0363,+917526265307,+919175290117,2024-09-28 19:17:21,155,Completed,Successful,11,2.0,Yes,Outgoing
CALL-0364,+917850789285,+919156960995,2024-09-27 18:50:21,204,Completed,Successful,22,1.0,Yes,Outgoing
CALL-0365,+917152145192,+917874400203,2024-10-06 10:42:21,132,Completed,Follow-up Needed,5,4.0,Yes,Outgoing
CALL-0366,+917107176165,+918410478219,2024-10-20 14:51:21,293,Completed,Unsuccessful,43,1.0,Yes,Outgoing
CALL-0367,+919806326421,+918791760981,2024-10-20 17:12:21,77,Missed,,60,,No,Outgoing
CALL-0368,+918522603755,+917414817944,2024-10-17 15:59:21,35,Completed,Unsuccessful,31,5.0,Yes,Outgoing
CALL-0369,+917457801623,+919149642761,2024-10-04 05:52:21,124,Completed,Successful,22,4.0,Yes,Outgoing
CALL-0370,+919111907563,+918915056330,2024-10-01 22:12:21,235,Missed,,53,,No,Incoming
CALL-0371,+919779883576,+917511766382,2024-09-23 06:49:21,194,Completed,Successful,35,3.0,Yes,Incoming
CALL-0372,+918584529041,+917288405329,2024-09-30 11:38:21,268,Completed,Follow-up Needed,23,5.0,Yes,Incoming
CALL-0373,+918557263847,+919915548593,2024-10-17 03:35:21,83,Missed,,26,,No,Outgoing
CALL-0374,+917640114772,+919158891947,2024-10-01 22:25:21,282,Completed,Unsuccessful,50,1.0,Yes,Incoming
CALL-0375,+918574377215,+918166097535,2024-10-16 13:10:21,185,Voicemail,,13,,No,Incoming
CALL-0376,+919846906255,+919406985794,2024-09-28 22:46:21,152,Missed,,33,,No,Incoming
CALL-0377,+918748166202,+917593630586,2024-09-30 22:08:21,35,Missed,,15,,No,Incoming
CALL-0378,+919853452807,+918986357298,2024-10-02 17:08:21,133,Completed,Follow-up Needed,58,2.0,Yes,Outgoing
CALL-0379,+917152145192,+917270845623,2024-10-20 07:53:21,139,Completed,Unsuccessful,45,4.0,Yes,Outgoing
CALL-0380,+919566345728,+917091196874,2024-09-24 21:20:21,116,Completed,Follow-up Needed,51,5.0,Yes,Incoming
CALL-0381,+919825969307,+918474939573,2024-09-26 03:04:21,54,Missed,,23,,No,Incoming
CALL-0382,+919639071307,+918461140276,2024-10-12 08:20:21,255,Missed,,34,,No,Incoming
CALL-0383,+917562567624,+918537837054,2024-10-21 21:29:21,94,Missed,,13,,No,Outgoing
CALL-0384,+918574377215,+918352075240,2024-09-24 15:30:21,61,Missed,,53,,No,Incoming
CALL-0385,+917936347614,+919168894481,2024-09-24 03:43:21,126,Voicemail,,47,,No,Outgoing
CALL-0386,+917129021707,+918237905896,2024-10-02 17:38:21,75,Missed,,20,,No,Incoming
CALL-0387,+917115997029,+917895075625,2024-10-16 08:42:21,49,Completed,Successful,20,5.0,Yes,Outgoing
CALL-0388,+919111907563,+918983801477,2024-09-27 16:40:21,37,Completed,Unsuccessful,28,2.0,Yes,Outgoing
CALL-0389,+919157230523,+919881485378,2024-09-24 08:23:21,179,Completed,Follow-up Needed,43,3.0,Yes,Outgoing
CALL-0390,+919477124168,+917167835353,2024-10-15 23:30:21,237,Voicemail,,48,,No,Outgoing
CALL-0391,+917897132941,+919864095617,2024-10-19 12:00:21,88,Completed,Successful,35,3.0,Yes,Outgoing
CALL-0392,+919272695369,+917414817944,2024-10-17 06:17:21,163,Completed,Follow-up Needed,25,3.0,Yes,Outgoing
CALL-0393,+919736249837,+918435610939,2024-10-03 14:34:21,199,Missed,,26,,No,Outgoing
CALL-0394,+919931973477,+918052292683,2024-09-28 06:03:21,300,Missed,,53,,No,Outgoing
CALL-0395,+917640114772,+918537837054,2024-10-14 05:17:21,55,Missed,,28,,No,Incoming
CALL-0396,+917897132941,+918915056330,2024-10-09 06:08:21,282,Completed,Unsuccessful,3,2.0,Yes,Outgoing
CALL-0397,+917850789285,+919975008488,2024-10-05 09:45:21,132,Completed,Successful,36,2.0,Yes,Outgoing
CALL-0398,+919779883576,+918579918949,2024-10-16 07:57:21,64,Voicemail,,22,,No,Incoming
CALL-0399,+919809641355,+918983801477,2024-10-16 23:08:21,74,Missed,,9,,No,Outgoing
CALL-0400,+917562567624,+918579918949,2024-10-17 05:26:21,217,Missed,,48,,No,Outgoing
CALL-0401,+917107176165,+919590906319,2024-10-08 03:55:21,167,Voicemail,,39,,No,Incoming
CALL-0402,+917595467945,+919158891947,2024-10-17 10:41:21,85,Voicemail,,3,,No,Outgoing
CALL-0403,+919816571168,+917207716545,2024-09-29 17:03:21,67,Missed,,43,,No,Incoming
CALL-0404,+919663471273,+919375887601,2024-10-18 04:24:21,97,Missed,,17,,No,Incoming
CALL-0405,+918506904093,+918469342634,2024-09-30 09:23:21,41,Completed,Successful,4,5.0,Yes,Incoming
CALL-0406,+917404939300,+919881485378,2024-09-22 00:33:21,131,Missed,,5,,No,Incoming
CALL-0407,+918629622685,+917334022065,2024-09-24 07:44:21,212,Missed,,39,,No,Incoming
CALL-0408,+919148124600,+917757223181,2024-10-10 06:54:21,216,Voicemail,,49,,No,Outgoing
CALL-0409,+918052132587,+917977354821,2024-10-02 18:13:21,280,Voicemail,,10,,No,Outgoing
CALL-0410,+917477648744,+918237905896,2024-10-10 23:09:21,221,Missed,,40,,No,Incoming
CALL-0411,+918825880347,+918272454646,2024-10-11 07:18:21,273,Voicemail,,20,,No,Outgoing
CALL-0412,+919197759284,+918658614242,2024-09-24 19:01:21,36,Completed,Successful,38,5.0,Yes,Incoming
CALL-0413,+917657911313,+919406985794,2024-10-07 06:51:21,235,Completed,Follow-up Needed,8,4.0,Yes,Incoming
CALL-0414,+919477124168,+919825698942,2024-09-30 21:33:21,220,Voicemail,,22,,No,Outgoing
CALL-0415,+919809641355,+918537837054,2024-10-03 07:38:21,294,Voicemail,,37,,No,Outgoing
CALL-0416,+919809641355,+917332942670,2024-10-08 19:31:21,170,Voicemail,,48,,No,Incoming
CALL-0417,+917267885747,+917521032597,2024-09-29 02:38:21,106,Missed,,54,,No,Incoming
CALL-0418,+919806326421,+917353769221,2024-09-27 03:11:21,263,Missed,,30,,No,Incoming
CALL-0419,+919694915433,+917811349206,2024-09-28 15:42:21,206,Missed,,49,,No,Outgoing
CALL-0420,+918673789544,+917593630586,2024-09-28 13:27:21,158,Voicemail,,35,,No,Incoming
CALL-0421,+918031211628,+917858085351,2024-10-02 11:44:21,149,Completed,Follow-up Needed,13,2.0,Yes,Outgoing
CALL-0422,+918732737321,+917332942670,2024-10-17 04:34:21,171,Missed,,12,,No,Incoming
CALL-0423,+918748166202,+919158891947,2024-10-18 01:43:21,106,Voicemail,,14,,No,Incoming
CALL-0424,+918825880347,+917757223181,2024-09-22 10:59:21,251,Completed,Unsuccessful,55,5.0,Yes,Outgoing
CALL-0425,+918735608818,+919350285161,2024-10-04 15:16:21,222,Completed,Unsuccessful,49,3.0,Yes,Outgoing
CALL-0426,+917603256707,+917895075625,2024-09-29 17:43:21,212,Voicemail,,48,,No,Outgoing
CALL-0427,+917115997029,+919846807147,2024-10-22 09:42:21,39,Completed,Unsuccessful,44,5.0,Yes,Outgoing
CALL-0428,+917897132941,+917192910564,2024-10-22 13:13:21,276,Voicemail,,3,,No,Incoming
CALL-0429,+917129021707,+917793276485,2024-09-29 22:18:21,59,Missed,,23,,No,Incoming
CALL-0430,+919639071307,+917521032597,2024-10-06 22:30:21,224,Completed,Unsuccessful,35,2.0,Yes,Outgoing
CALL-0431,+918574377215,+918469342634,2024-10-03 07:16:21,228,Completed,Successful,40,3.0,Yes,Incoming
CALL-0432,+917011362360,+919590906319,2024-10-16 15:05:21,157,Completed,Follow-up Needed,25,5.0,Yes,Incoming
CALL-0433,+918525320033,+919670295347,2024-10-10 17:21:21,164,Completed,Unsuccessful,45,3.0,Yes,Incoming
CALL-0434,+919867802091,+917874400203,2024-10-17 04:08:21,101,Missed,,21,,No,Incoming
CALL-0435,+917545602473,+918116372930,2024-10-14 00:11:21,299,Completed,Successful,10,5.0,Yes,Incoming
CALL-0436,+917498960625,+918579918949,2024-09-29 14:20:21,107,Completed,Unsuccessful,30,5.0,Yes,Outgoing
CALL-0437,+917115997029,+917414817944,2024-10-13 10:54:21,217,Voicemail,,6,,No,Incoming
CALL-0438,+919931973477,+918530501855,2024-10-21 18:29:21,293,Missed,,53,,No,Incoming
CALL-0439,+917506182867,+918453225406,2024-10-02 04:03:21,279,Voicemail,,19,,No,Outgoing
CALL-0440,+919867802091,+917091196874,2024-10-10 09:17:21,138,Voicemail,,20,,No,Incoming
CALL-0441,+917797839134,+918581686070,2024-10-10 23:27:21,166,Missed,,7,,No,Incoming
CALL-0442,+917914001766,+917414817944,2024-09-30 12:59:21,164,Voicemail,,19,,No,Incoming
CALL-0443,+919216441572,+919980606349,2024-10-17 05:31:21,209,Completed,Follow-up Needed,12,2.0,Yes,Incoming
CALL-0444,+917808232057,+918272454646,2024-10-19 17:36:21,117,Missed,,33,,No,Incoming
CALL-0445,+918311111641,+919246810321,2024-10-04 21:51:21,57,Missed,,22,,No,Outgoing
CALL-0446,+918280683220,+917811349206,2024-10-12 02:12:21,31,Missed,,18,,No,Outgoing
CALL-0447,+917805996429,+919158891947,2024-10-08 23:25:21,101,Missed,,58,,No,Incoming
CALL-0448,+919477124168,+919975008488,2024-09-25 15:47:21,232,Completed,Unsuccessful,9,4.0,Yes,Incoming
CALL-0449,+917498960625,+919158891947,2024-09-23 00:33:21,78,Completed,Follow-up Needed,7,4.0,Yes,Incoming
CALL-0450,+919216441572,+919181014895,2024-10-02 02:31:21,179,Completed,Successful,11,4.0,Yes,Incoming
CALL-0451,+919111907563,+919980606349,2024-10-09 08:58:21,247,Voicemail,,10,,No,Incoming
CALL-0452,+919392143036,+919881485378,2024-10-16 02:18:21,226,Voicemail,,31,,No,Outgoing
CALL-0453,+917595467945,+919351176818,2024-10-18 08:39:21,164,Voicemail,,41,,No,Incoming
CALL-0454,+919272695369,+917521032597,2024-09-26 17:31:21,107,Voicemail,,47,,No,Incoming
CALL-0455,+917743272530,+919406985794,2024-10-15 22:58:21,81,Voicemail,,53,,No,Incoming
CALL-0456,+919223880416,+919381196902,2024-10-14 15:38:21,201,Missed,,6,,No,Outgoing
CALL-0457,+917467875435,+918259164023,2024-10-20 12:48:21,154,Missed,,12,,No,Outgoing
CALL-0458,+919216441572,+917687785376,2024-09-28 08:26:21,201,Voicemail,,30,,No,Outgoing
CALL-0459,+917129021707,+918983801477,2024-10-01 18:30:21,281,Missed,,49,,No,Outgoing
CALL-0460,+919061655667,+917811349206,2024-10-12 00:14:21,273,Voicemail,,1,,No,Outgoing
CALL-0461,+919197759284,+918522120634,2024-10-21 14:07:21,61,Completed,Follow-up Needed,8,3.0,Yes,Outgoing
CALL-0462,+919853452807,+917192910564,2024-10-08 02:15:21,84,Missed,,56,,No,Outgoing
CALL-0463,+918031211628,+917977354821,2024-10-09 11:39:21,252,Missed,,26,,No,Incoming
CALL-0464,+919197759284,+917895075625,2024-10-10 02:00:21,89,Voicemail,,55,,No,Incoming
CALL-0465,+918388800579,+919381196902,2024-10-14 17:57:21,144,Missed,,28,,No,Outgoing
CALL-0466,+917797952570,+919168894481,2024-10-03 02:47:21,259,Missed,,28,,No,Outgoing
CALL-0467,+919148124600,+917167835353,2024-10-21 12:19:21,198,Missed,,33,,No,Incoming
CALL-0468,+919750428395,+918579918949,2024-10-15 01:28:21,46,Voicemail,,17,,No,Outgoing
CALL-0469,+918280683220,+918537837054,2024-09-24 23:34:21,108,Voicemail,,38,,No,Incoming
CALL-0470,+917603256707,+919158891947,2024-10-18 15:50:21,269,Completed,Successful,34,4.0,Yes,Incoming
CALL-0471,+919750428395,+917757223181,2024-10-12 03:49:21,124,Missed,,36,,No,Outgoing
CALL-0472,+917526265307,+919251220651,2024-10-15 18:46:21,135,Completed,Unsuccessful,53,2.0,Yes,Outgoing
CALL-0473,+918732737321,+918013879640,2024-09-24 20:59:21,143,Completed,Follow-up Needed,3,2.0,Yes,Outgoing
CALL-0474,+917267885747,+919709988637,2024-10-10 16:34:21,236,Missed,,31,,No,Incoming
CALL-0475,+918748166202,+919246810321,2024-09-30 20:06:21,195,Voicemail,,50,,No,Incoming
CALL-0476,+918557263847,+919709988637,2024-09-26 10:21:21,267,Missed,,2,,No,Outgoing
CALL-0477,+919816571168,+919333889496,2024-10-02 03:44:21,242,Missed,,49,,No,Incoming
CALL-0478,+918913348248,+917734579007,2024-10-18 21:33:21,286,Voicemail,,16,,No,Outgoing
CALL-0479,+919723196576,+918808362138,2024-10-02 02:17:21,202,Voicemail,,31,,No,Outgoing
CALL-0480,+918052132587,+919350285161,2024-10-04 03:35:21,89,Completed,Successful,1,3.0,Yes,Outgoing
CALL-0481,+918311111641,+917452738427,2024-10-05 19:04:21,271,Missed,,20,,No,Outgoing
CALL-0482,+917808232057,+917262550302,2024-09-22 02:00:21,191,Completed,Successful,45,4.0,Yes,Outgoing
CALL-0483,+918206777907,+918052292683,2024-10-17 12:07:21,187,Voicemail,,23,,No,Outgoing
CALL-0484,+919357135779,+919333889496,2024-10-22 07:06:21,271,Voicemail,,40,,No,Incoming
CALL-0485,+917746903438,+917734579007,2024-10-05 10:43:21,178,Voicemail,,3,,No,Incoming
CALL-0486,+917498960625,+918599753306,2024-09-29 11:52:21,90,Completed,Successful,14,4.0,Yes,Incoming
CALL-0487,+917545602473,+917687785376,2024-10-12 16:38:21,130,Completed,Follow-up Needed,53,2.0,Yes,Outgoing
CALL-0488,+918847601224,+918052292683,2024-09-29 22:59:21,93,Voicemail,,60,,No,Outgoing
CALL-0489,+919723196576,+918522120634,2024-09-22 23:29:21,278,Completed,Successful,58,1.0,Yes,Incoming
CALL-0490,+918574377215,+919081067071,2024-10-12 01:23:21,266,Completed,Unsuccessful,0,3.0,Yes,Incoming
CALL-0491,+919477124168,+918348436710,2024-10-05 16:57:21,88,Voicemail,,37,,No,Outgoing
CALL-0492,+919978543331,+918579918949,2024-10-06 03:42:21,37,Voicemail,,50,,No,Incoming
CALL-0493,+919806326421,+917278036431,2024-10-06 06:02:21,196,Completed,Unsuccessful,27,5.0,Yes,Outgoing
CALL-0494,+918673789544,+919081518972,2024-10-18 11:32:21,235,Missed,,48,,No,Incoming
CALL-0495,+917457801623,+919846807147,2024-10-20 07:57:21,158,Completed,Unsuccessful,0,3.0,Yes,Incoming
CALL-0496,+917850789285,+918530501855,2024-10-06 10:56:21,185,Completed,Unsuccessful,19,1.0,Yes,Incoming
CALL-0497,+919429054132,+918894667346,2024-09-23 22:01:21,139,Missed,,41,,No,Outgoing
CALL-0498,+918280683220,+918928155356,2024-09-26 08:25:21,38,Missed,,36,,No,Outgoing
CALL-0499,+918052436608,+918791760981,2024-09-28 14:43:21,31,Completed,Unsuccessful,42,5.0,Yes,Incoming
CALL-0500,+919846906255,+917334022065,2024-10-09 22:47:21,123,Completed,Successful,25,1.0,Yes,Incoming
CALL-0501,+918303843326,+919158891947,2024-10-17 23:33:21,119,Voicemail,,45,,No,Outgoing
CALL-0502,+919853452807,+918581686070,2024-10-07 16:12:21,148,Missed,,19,,No,Outgoing
CALL-0503,+919111907563,+917167581591,2024-10-14 12:29:21,46,Missed,,30,,No,Incoming
CALL-0504,+919806326421,+918259164023,2024-09-22 03:16:21,62,Missed,,50,,No,Incoming
CALL-0505,+918781851048,+918352075240,2024-09-27 16:28:21,217,Missed,,43,,No,Outgoing
CALL-0506,+919197759284,+919333889496,2024-09-28 11:41:21,97,Missed,,15,,No,Outgoing
CALL-0507,+917595467945,+918410478219,2024-10-13 05:29:21,65,Missed,,9,,No,Incoming
CALL-0508,+918859953321,+917091196874,2024-10-06 21:12:21,201,Voicemail,,4,,No,Incoming
CALL-0509,+919148124600,+918410478219,2024-09-26 09:04:21,104,Voicemail,,44,,No,Incoming
CALL-0510,+918052436608,+919825698942,2024-10-15 16:42:21,69,Voicemail,,30,,No,Outgoing
CALL-0511,+918584529041,+917734579007,2024-10-05 04:23:21,149,Completed,Unsuccessful,1,1.0,Yes,Outgoing
CALL-0512,+919216441572,+919864095617,2024-10-09 04:11:21,38,Completed,Unsuccessful,22,4.0,Yes,Incoming
CALL-0513,+917797952570,+919628181988,2024-09-28 14:59:21,151,Completed,Follow-up Needed,59,3.0,Yes,Incoming
CALL-0514,+917129021707,+918986357298,2024-10-20 04:48:21,34,Missed,,25,,No,Incoming
CALL-0515,+918280683220,+917353769221,2024-10-10 11:07:21,292,Missed,,40,,No,Outgoing
CALL-0516,+917640114772,+917405461870,2024-09-23 20:24:21,89,Completed,Follow-up Needed,23,2.0,Yes,Outgoing
CALL-0517,+918388800579,+917977354821,2024-09-26 18:24:21,57,Completed,Unsuccessful,49,2.0,Yes,Incoming
CALL-0518,+917176335481,+919168894481,2024-10-18 02:51:21,298,Completed,Follow-up Needed,28,4.0,Yes,Incoming
CALL-0519,+919779883576,+917687785376,2024-09-24 12:30:21,76,Voicemail,,37,,No,Incoming
CALL-0520,+918206777907,+917977354821,2024-10-20 01:40:21,30,Missed,,27,,No,Incoming
CALL-0521,+919566302581,+918821986033,2024-10-20 03:10:21,46,Voicemail,,49,,No,Incoming
CALL-0522,+919806326421,+918277028600,2024-10-12 18:18:21,112,Voicemail,,26,,No,Incoming
CALL-0523,+917595467945,+918986357298,2024-09-29 18:14:21,284,Completed,Unsuccessful,7,1.0,Yes,Outgoing
CALL-0524,+919216441572,+918352075240,2024-10-18 06:21:21,181,Missed,,52,,No,Incoming
CALL-0525,+918825880347,+918461140276,2024-10-14 10:10:21,181,Completed,Unsuccessful,47,1.0,Yes,Incoming
CALL-0526,+919566302581,+918052292683,2024-10-12 05:21:21,268,Missed,,6,,No,Outgoing
CALL-0527,+917011362360,+918013879640,2024-10-10 22:59:21,217,Missed,,30,,No,Incoming
CALL-0528,+917850789285,+918928155356,2024-10-20 02:07:21,110,Completed,Successful,59,2.0,Yes,Incoming
CALL-0529,+917808232057,+917895075625,2024-10-18 18:55:21,277,Completed,Successful,12,4.0,Yes,Outgoing
CALL-0530,+917746903438,+918259164023,2024-09-28 01:00:21,150,Missed,,59,,No,Incoming
CALL-0531,+917603256707,+919590906319,2024-10-10 21:26:21,157,Missed,,13,,No,Incoming
CALL-0532,+918732737321,+918599753306,2024-10-07 21:16:21,266,Missed,,14,,No,Outgoing
CALL-0533,+919646471691,+919351176818,2024-10-16 04:54:21,175,Completed,Unsuccessful,0,2.0,Yes,Incoming
CALL-0534,+917267885747,+918259164023,2024-10-07 06:12:21,290,Completed,Follow-up Needed,6,2.0,Yes,Outgoing
CALL-0535,+918031211628,+918791760981,2024-10-08 16:08:21,232,Completed,Unsuccessful,28,3.0,Yes,Incoming
CALL-0536,+918825880347,+917793276485,2024-10-13 01:52:21,101,Completed,Successful,34,3.0,Yes,Outgoing
CALL-0537,+918388800579,+918272454646,2024-10-08 13:59:21,146,Completed,Follow-up Needed,14,3.0,Yes,Incoming
CALL-0538,+919793872876,+918116372930,2024-09-25 19:59:21,244,Voicemail,,32,,No,Incoming
CALL-0539,+919837703347,+919156960995,2024-10-15 17:28:21,88,Missed,,39,,No,Incoming
CALL-0540,+917930396532,+917593630586,2024-09-29 19:18:21,213,Completed,Successful,5,3.0,Yes,Outgoing
CALL-0541,+919736249837,+918272454646,2024-10-12 04:29:21,74,Missed,,29,,No,Outgoing
CALL-0542,+919477124168,+918474939573,2024-09-24 20:30:21,291,Voicemail,,14,,No,Outgoing
CALL-0543,+919157230523,+917874400203,2024-10-20 04:36:21,214,Missed,,54,,No,Incoming
CALL-0544,+918694999064,+918272454646,2024-10-01 13:21:21,136,Missed,,60,,No,Incoming
CALL-0545,+919853452807,+918522120634,2024-09-23 13:03:21,204,Missed,,11,,No,Incoming
CALL-0546,+919846906255,+918435610939,2024-09-23 23:15:21,166,Voicemail,,23,,No,Outgoing
CALL-0547,+918847601224,+918965082689,2024-10-05 09:05:21,33,Completed,Follow-up Needed,56,4.0,Yes,Incoming
CALL-0548,+918732737321,+917167835353,2024-09-29 19:23:21,199,Missed,,51,,No,Outgoing
CALL-0549,+918719772453,+918352075240,2024-10-14 05:56:21,207,Missed,,35,,No,Incoming
CALL-0550,+918673789544,+918894667346,2024-09-22 08:07:21,197,Completed,Follow-up Needed,9,5.0,Yes,Incoming
CALL-0551,+918629622685,+917895075625,2024-09-30 09:08:21,82,Completed,Unsuccessful,15,5.0,Yes,Outgoing
CALL-0552,+917657911313,+917192910564,2024-10-04 10:59:21,241,Voicemail,,0,,No,Incoming
CALL-0553,+918267214224,+919709988637,2024-10-17 18:36:21,94,Completed,Unsuccessful,2,3.0,Yes,Incoming
CALL-0554,+918913348248,+918748351510,2024-09-28 23:46:21,149,Voicemail,,30,,No,Outgoing
CALL-0555,+917129021707,+917304121367,2024-10-06 15:02:21,167,Completed,Follow-up Needed,20,5.0,Yes,Outgoing
CALL-0556,+917129021707,+919975008488,2024-10-15 01:51:21,94,Completed,Successful,0,2.0,Yes,Outgoing
CALL-0557,+917129021707,+917734579007,2024-10-06 00:07:21,43,Missed,,50,,No,Outgoing
CALL-0558,+918294824913,+918166097535,2024-09-24 16:48:21,248,Missed,,52,,No,Outgoing
CALL-0559,+918522603755,+919846807147,2024-09-25 18:41:21,122,Voicemail,,48,,No,Outgoing
CALL-0560,+917746903438,+919350285161,2024-10-01 03:28:21,70,Missed,,37,,No,Incoming
CALL-0561,+919931973477,+919350285161,2024-10-13 09:16:21,200,Voicemail,,59,,No,Incoming
CALL-0562,+918574377215,+919156960995,2024-09-23 14:50:21,129,Missed,,19,,No,Outgoing
CALL-0563,+917808232057,+917414817944,2024-10-08 23:41:21,85,Completed,Successful,8,5.0,Yes,Outgoing
CALL-0564,+919806326421,+917414817944,2024-09-28 00:25:21,61,Missed,,33,,No,Outgoing
CALL-0565,+919148124600,+918579918949,2024-10-22 01:52:21,83,Missed,,44,,No,Incoming
CALL-0566,+918825880347,+919351176818,2024-09-21 22:20:21,241,Voicemail,,48,,No,Incoming
CALL-0567,+919148124600,+918237905896,2024-09-29 14:21:21,231,Missed,,40,,No,Incoming
CALL-0568,+919793872876,+918461140276,2024-10-16 07:55:21,111,Completed,Unsuccessful,47,1.0,Yes,Incoming
CALL-0569,+918574377215,+919175290117,2024-10-18 15:27:21,238,Voicemail,,51,,No,Incoming
CALL-0570,+918506904093,+919181014895,2024-10-08 23:58:21,113,Voicemail,,5,,No,Outgoing
CALL-0571,+919157230523,+919590906319,2024-10-03 17:59:21,37,Voicemail,,12,,No,Outgoing
CALL-0572,+919578580074,+917042495003,2024-10-10 03:30:21,249,Completed,Follow-up Needed,25,2.0,Yes,Outgoing
CALL-0573,+919646471691,+918453225406,2024-10-20 22:46:21,295,Voicemail,,13,,No,Incoming
CALL-0574,+919566345728,+917511766382,2024-10-01 08:13:21,216,Missed,,51,,No,Outgoing
CALL-0575,+919379764407,+918469342634,2024-10-09 01:43:21,185,Completed,Unsuccessful,56,4.0,Yes,Incoming
CALL-0576,+918629622685,+917192910564,2024-10-11 05:21:21,264,Missed,,45,,No,Outgoing
CALL-0577,+917477648744,+919251220651,2024-09-29 23:00:21,81,Voicemail,,59,,No,Outgoing
CALL-0578,+918548462595,+918581686070,2024-10-15 23:21:21,205,Completed,Follow-up Needed,32,4.0,Yes,Incoming
CALL-0579,+918031211628,+919333889496,2024-09-24 02:51:21,169,Voicemail,,41,,No,Outgoing
CALL-0580,+919216441572,+918928155356,2024-10-02 16:32:21,177,Completed,Follow-up Needed,52,2.0,Yes,Outgoing
CALL-0581,+917011362360,+919864095617,2024-09-27 07:37:21,231,Missed,,40,,No,Incoming
CALL-0582,+919793872876,+919381196902,2024-10-04 09:46:21,54,Completed,Follow-up Needed,59,2.0,Yes,Outgoing
CALL-0583,+917467875435,+919709988637,2024-09-24 23:44:21,238,Missed,,17,,No,Incoming
CALL-0584,+917897132941,+917734579007,2024-10-21 08:10:21,226,Missed,,15,,No,Outgoing
CALL-0585,+919853452807,+919709988637,2024-10-03 17:42:21,42,Missed,,57,,No,Incoming
CALL-0586,+917562567624,+918821986033,2024-09-24 06:26:21,72,Voicemail,,35,,No,Incoming
CALL-0587,+917640114772,+918474939573,2024-10-18 13:24:21,56,Completed,Successful,20,4.0,Yes,Incoming
CALL-0588,+919809641355,+918928155356,2024-10-17 04:15:21,132,Missed,,48,,No,Outgoing
CALL-0589,+917011362360,+918658614242,2024-10-20 21:40:21,44,Completed,Unsuccessful,32,1.0,Yes,Incoming
CALL-0590,+918629622685,+918259164023,2024-10-13 10:55:21,121,Voicemail,,27,,No,Incoming
CALL-0591,+917498960625,+917977354821,2024-09-28 07:24:21,216,Voicemail,,42,,No,Incoming
CALL-0592,+918719772453,+917858085351,2024-10-06 06:24:21,173,Voicemail,,30,,No,Incoming
CALL-0593,+919809641355,+917521032597,2024-10-16 23:58:21,260,Completed,Unsuccessful,17,2.0,Yes,Outgoing
CALL-0594,+917545602473,+918473796108,2024-10-13 05:23:21,127,Missed,,30,,No,Outgoing
CALL-0595,+919197759284,+918166097535,2024-09-25 18:45:21,222,Voicemail,,19,,No,Incoming
CALL-0596,+918629622685,+918748351510,2024-09-27 07:46:21,212,Voicemail,,30,,No,Outgoing
CALL-0597,+918404221192,+918965082689,2024-09-25 22:31:21,194,Completed,Follow-up Needed,40,1.0,Yes,Outgoing
CALL-0598,+918548462595,+919156960995,2024-10-03 11:33:21,99,Voicemail,,7,,No,Outgoing
CALL-0599,+917129021707,+919081067071,2024-10-22 11:56:21,207,Missed,,58,,No,Outgoing
CALL-0600,+919216441572,+918574461614,2024-09-23 20:14:21,61,Completed,Follow-up Needed,11,4.0,Yes,Incoming
CALL-0601,+919931973477,+918259164023,2024-09-22 01:32:21,272,Voicemail,,20,,No,Incoming
CALL-0602,+918913348248,+918599753306,2024-10-19 06:15:21,153,Completed,Unsuccessful,13,1.0,Yes,Incoming
CALL-0603,+919853452807,+919333889496,2024-10-11 04:15:21,153,Completed,Successful,7,1.0,Yes,Outgoing
CALL-0604,+919148124600,+918986357298,2024-10-07 18:48:21,40,Voicemail,,51,,No,Outgoing
CALL-0605,+918629622685,+919246810321,2024-10-14 14:16:21,155,Voicemail,,57,,No,Incoming
CALL-0606,+918732737321,+918272454646,2024-10-19 04:04:21,132,Completed,Follow-up Needed,33,4.0,Yes,Incoming
CALL-0607,+919429054132,+917332942670,2024-10-19 07:07:21,84,Voicemail,,18,,No,Outgoing
CALL-0608,+917115997029,+917353769221,2024-09-29 08:12:21,139,Voicemail,,20,,No,Outgoing
CALL-0609,+918781851048,+917278036431,2024-10-11 22:25:21,276,Voicemail,,40,,No,Incoming
CALL-0610,+919646471691,+919881485378,2024-10-20 15:49:21,163,Missed,,18,,No,Outgoing
CALL-0611,+917743272530,+919251220651,2024-10-08 00:33:21,287,Missed,,30,,No,Incoming
CALL-0612,+919694915433,+918808362138,2024-10-06 10:11:21,91,Missed,,52,,No,Outgoing
CALL-0613,+919997145891,+919406985794,2024-10-15 11:07:21,170,Missed,,7,,No,Outgoing
CALL-0614,+918031211628,+919670295347,2024-10-13 09:55:21,36,Completed,Unsuccessful,57,4.0,Yes,Outgoing
CALL-0615,+917011362360,+917521032597,2024-10-03 17:53:21,135,Completed,Successful,36,4.0,Yes,Incoming
CALL-0616,+917808232057,+918574461614,2024-10-10 18:11:21,185,Completed,Follow-up Needed,25,1.0,Yes,Outgoing
CALL-0617,+917640114772,+919709988637,2024-10-01 06:30:21,71,Completed,Successful,28,1.0,Yes,Outgoing
CALL-0618,+917107176165,+919590906319,2024-10-05 15:34:21,300,Completed,Follow-up Needed,58,2.0,Yes,Outgoing
CALL-0619,+919837703347,+918581686070,2024-10-14 00:24:21,234,Missed,,37,,No,Incoming
CALL-0620,+917467875435,+918272454646,2024-10-09 09:40:21,119,Completed,Follow-up Needed,57,3.0,Yes,Outgoing
CALL-0621,+917263771698,+917907767150,2024-10-05 15:12:21,163,Completed,Successful,50,2.0,Yes,Incoming
CALL-0622,+917506182867,+919689735267,2024-10-12 22:25:21,221,Completed,Successful,17,5.0,Yes,Outgoing
CALL-0623,+919223880416,+917334022065,2024-10-01 12:23:21,59,Missed,,35,,No,Outgoing
CALL-0624,+917797952570,+918808362138,2024-09-28 17:13:21,223,Missed,,3,,No,Incoming
CALL-0625,+918294824913,+917288405329,2024-09-29 19:34:21,69,Completed,Unsuccessful,18,3.0,Yes,Outgoing
CALL-0626,+919429054132,+919246810321,2024-10-05 02:24:21,177,Voicemail,,39,,No,Outgoing
CALL-0627,+918303843326,+917288405329,2024-10-04 14:40:21,86,Voicemail,,11,,No,Outgoing
CALL-0628,+917797952570,+918821986033,2024-09-28 23:30:21,207,Completed,Successful,44,2.0,Yes,Outgoing
CALL-0629,+918825880347,+918474939573,2024-10-19 17:07:21,154,Missed,,30,,No,Outgoing
CALL-0630,+917797952570,+919181014895,2024-10-02 04:32:21,62,Voicemail,,46,,No,Incoming
CALL-0631,+917562567624,+918965082689,2024-09-26 11:58:21,162,Completed,Follow-up Needed,6,1.0,Yes,Incoming
CALL-0632,+918294824913,+918453225406,2024-10-16 13:30:21,233,Voicemail,,51,,No,Outgoing
CALL-0633,+919378833127,+919081518972,2024-09-28 15:22:21,248,Voicemail,,42,,No,Outgoing
CALL-0634,+917263771698,+919881485378,2024-10-02 00:52:21,204,Completed,Successful,52,2.0,Yes,Incoming
CALL-0635,+918694999064,+918965082689,2024-10-20 06:40:21,254,Completed,Successful,45,1.0,Yes,Outgoing
CALL-0636,+919825969307,+919333889496,2024-10-13 06:52:21,86,Missed,,30,,No,Incoming
CALL-0637,+919639071307,+917757223181,2024-10-20 19:17:21,299,Voicemail,,8,,No,Incoming
CALL-0638,+918574377215,+918915056330,2024-10-08 03:41:21,76,Missed,,13,,No,Outgoing
CALL-0639,+918735608818,+919628181988,2024-10-06 03:41:21,171,Missed,,18,,No,Outgoing
CALL-0640,+919148124600,+919709988637,2024-10-03 00:10:21,284,Completed,Successful,3,1.0,Yes,Incoming
CALL-0641,+918280683220,+918013879640,2024-10-09 23:33:21,253,Completed,Successful,57,5.0,Yes,Incoming
CALL-0642,+918859953321,+919881485378,2024-09-29 03:01:21,71,Voicemail,,0,,No,Incoming
CALL-0643,+919148124600,+918435610939,2024-10-21 09:06:21,92,Voicemail,,59,,No,Outgoing
CALL-0644,+919809641355,+917907767150,2024-10-22 12:20:21,227,Missed,,51,,No,Outgoing
CALL-0645,+919853452807,+918522120634,2024-10-19 04:56:21,81,Voicemail,,31,,No,Incoming
CALL-0646,+919694915433,+919670295347,2024-10-10 14:08:21,62,Voicemail,,8,,No,Outgoing
CALL-0647,+919750428395,+919381196902,2024-10-03 13:27:21,273,Voicemail,,60,,No,Outgoing
CALL-0648,+919357135779,+917167835353,2024-09-27 23:17:21,86,Completed,Follow-up Needed,22,2.0,Yes,Incoming
CALL-0649,+917746903438,+917907767150,2024-10-20 09:59:21,198,Completed,Unsuccessful,60,4.0,Yes,Incoming
CALL-0650,+918031211628,+918894667346,2024-10-19 09:30:21,207,Missed,,21,,No,Incoming
CALL-0651,+919694915433,+918013879640,2024-10-07 19:50:21,166,Completed,Unsuccessful,31,3.0,Yes,Outgoing
CALL-0652,+919816571168,+918915056330,2024-09-27 02:43:21,204,Completed,Unsuccessful,37,4.0,Yes,Incoming
CALL-0653,+917805996429,+919333889496,2024-09-25 12:27:21,289,Voicemail,,38,,No,Outgoing
CALL-0654,+917467875435,+917895075625,2024-10-01 22:37:21,273,Completed,Successful,37,3.0,Yes,Incoming
CALL-0655,+918522603755,+919590906319,2024-10-13 08:53:21,201,Voicemail,,56,,No,Incoming
CALL-0656,+919779883576,+918473796108,2024-10-13 23:14:21,141,Completed,Successful,39,1.0,Yes,Outgoing
CALL-0657,+919816571168,+918461140276,2024-10-06 14:47:21,213,Completed,Successful,5,5.0,Yes,Incoming
CALL-0658,+919997145891,+919881485378,2024-10-21 02:04:21,58,Voicemail,,38,,No,Outgoing
CALL-0659,+918522603755,+918574461614,2024-09-28 19:59:21,171,Completed,Follow-up Needed,46,5.0,Yes,Outgoing
CALL-0660,+918294824913,+918116372930,2024-09-22 23:53:21,283,Missed,,50,,No,Outgoing
CALL-0661,+917850789285,+919562006012,2024-09-29 00:26:21,264,Missed,,32,,No,Outgoing
CALL-0662,+919111907563,+917734579007,2024-10-03 22:26:21,103,Completed,Follow-up Needed,21,5.0,Yes,Outgoing
CALL-0663,+917595467945,+918272454646,2024-10-07 05:36:21,283,Completed,Follow-up Needed,2,2.0,Yes,Outgoing
CALL-0664,+917176335481,+917907767150,2024-10-20 21:16:21,110,Completed,Unsuccessful,17,1.0,Yes,Outgoing
CALL-0665,+919111907563,+919975008488,2024-09-23 17:53:21,91,Voicemail,,25,,No,Outgoing
CALL-0666,+919223880416,+918352075240,2024-10-14 18:45:21,51,Voicemail,,41,,No,Incoming
CALL-0667,+917562567624,+919980606349,2024-09-29 00:04:21,118,Voicemail,,22,,No,Outgoing
CALL-0668,+919357135779,+917262550302,2024-10-16 06:14:21,55,Completed,Successful,26,1.0,Yes,Outgoing
CALL-0669,+918975170694,+918581686070,2024-10-22 12:10:21,41,Voicemail,,0,,No,Outgoing
CALL-0670,+919723196576,+918330261059,2024-10-05 13:58:21,226,Voicemail,,57,,No,Outgoing
CALL-0671,+917498960625,+918748351510,2024-10-14 06:49:21,30,Missed,,57,,No,Incoming
CALL-0672,+919867802091,+917332942670,2024-10-16 21:54:21,249,Voicemail,,18,,No,Outgoing
CALL-0673,+918913348248,+917858085351,2024-10-17 05:29:21,222,Voicemail,,34,,No,Incoming
CALL-0674,+918506904093,+918574461614,2024-10-16 20:50:21,78,Voicemail,,3,,No,Outgoing
CALL-0675,+917467875435,+919846807147,2024-09-27 10:42:21,92,Missed,,20,,No,Incoming
CALL-0676,+919723196576,+918166097535,2024-10-05 12:58:21,153,Completed,Unsuccessful,42,1.0,Yes,Incoming
CALL-0677,+918694999064,+918474939573,2024-10-11 04:28:21,49,Missed,,27,,No,Outgoing
CALL-0678,+919750428395,+917895075625,2024-10-02 14:21:21,31,Missed,,41,,No,Outgoing
CALL-0679,+919157230523,+919562006012,2024-10-06 18:02:21,142,Completed,Successful,8,2.0,Yes,Outgoing
CALL-0680,+919663471273,+917182252048,2024-10-21 13:39:21,265,Completed,Follow-up Needed,42,4.0,Yes,Incoming
CALL-0681,+918267214224,+918435610939,2024-10-09 14:51:21,224,Missed,,33,,No,Incoming
CALL-0682,+919061655667,+917167581591,2024-10-14 14:03:21,64,Voicemail,,18,,No,Incoming
CALL-0683,+919566345728,+918579918949,2024-10-07 14:59:21,275,Missed,,8,,No,Incoming
CALL-0684,+918584529041,+917278036431,2024-10-16 13:36:21,84,Missed,,20,,No,Outgoing
CALL-0685,+919663471273,+919181014895,2024-10-11 11:16:21,262,Missed,,8,,No,Incoming
CALL-0686,+918206777907,+918435610939,2024-10-14 13:50:21,156,Completed,Unsuccessful,49,1.0,Yes,Outgoing
CALL-0687,+919853452807,+918808362138,2024-10-01 20:15:21,37,Voicemail,,18,,No,Incoming
CALL-0688,+919379764407,+917793276485,2024-09-29 18:59:21,39,Voicemail,,58,,No,Outgoing
CALL-0689,+917263771698,+919156960995,2024-10-12 06:36:21,263,Voicemail,,38,,No,Incoming
CALL-0690,+917506182867,+918348436710,2024-10-20 20:15:21,206,Missed,,6,,No,Incoming
CALL-0691,+917603256707,+917977354821,2024-10-18 22:11:21,204,Voicemail,,43,,No,Outgoing
CALL-0692,+918719772453,+918915056330,2024-09-30 07:57:21,216,Missed,,8,,No,Outgoing
CALL-0693,+919392143036,+917874400203,2024-10-01 15:22:21,208,Voicemail,,50,,No,Outgoing
CALL-0694,+918719772453,+919156960995,2024-09-23 23:56:21,169,Voicemail,,13,,No,Incoming
CALL-0695,+918825880347,+917167835353,2024-09-29 21:56:21,153,Voicemail,,56,,No,Incoming
CALL-0696,+918031211628,+918330261059,2024-10-16 16:26:21,135,Missed,,8,,No,Incoming
CALL-0697,+917404939300,+919846807147,2024-10-20 23:27:21,208,Voicemail,,26,,No,Outgoing
CALL-0698,+919837703347,+918435610939,2024-10-16 16:10:21,242,Completed,Unsuccessful,53,4.0,Yes,Outgoing
CALL-0699,+918052132587,+917167835353,2024-10-01 03:30:21,218,Voicemail,,11,,No,Incoming
CALL-0700,+917263771698,+918469342634,2024-10-01 16:17:21,276,Voicemail,,8,,No,Incoming
CALL-0701,+917808232057,+919825698942,2024-09-22 23:43:21,140,Missed,,43,,No,Incoming
CALL-0702,+918311111641,+918410478219,2024-10-11 22:58:21,38,Missed,,48,,No,Outgoing
CALL-0703,+918825880347,+917288405329,2024-09-28 15:10:21,261,Missed,,56,,No,Outgoing
CALL-0704,+917498960625,+917207716545,2024-10-03 08:46:21,200,Voicemail,,1,,No,Outgoing
CALL-0705,+918404221192,+917811349206,2024-09-26 03:24:21,94,Missed,,33,,No,Incoming
CALL-0706,+917746903438,+919381196902,2024-09-23 12:15:21,160,Missed,,55,,No,Outgoing
CALL-0707,+917152145192,+918748351510,2024-10-09 22:22:21,163,Voicemail,,2,,No,Incoming
CALL-0708,+917526265307,+917521032597,2024-10-19 15:58:21,160,Missed,,44,,No,Outgoing
CALL-0709,+919931973477,+919964636065,2024-10-13 11:56:21,270,Voicemail,,41,,No,Incoming
CALL-0710,+919566345728,+919562006012,2024-09-23 18:18:21,40,Voicemail,,57,,No,Incoming
CALL-0711,+917152145192,+917167581591,2024-09-27 10:21:21,215,Completed,Successful,14,3.0,Yes,Incoming
CALL-0712,+918303843326,+918410478219,2024-10-14 01:06:21,204,Missed,,38,,No,Incoming
CALL-0713,+917545602473,+919915548593,2024-09-26 07:24:21,216,Voicemail,,18,,No,Incoming
CALL-0714,+917107176165,+918474939573,2024-10-02 11:52:21,87,Missed,,2,,No,Incoming
CALL-0715,+919272695369,+918435610939,2024-10-18 13:13:21,210,Voicemail,,52,,No,Incoming
CALL-0716,+919197759284,+918052292683,2024-10-06 16:20:21,203,Completed,Unsuccessful,45,1.0,Yes,Incoming
CALL-0717,+917506182867,+919168894481,2024-10-21 21:48:21,73,Completed,Successful,60,1.0,Yes,Incoming
CALL-0718,+919379764407,+918894667346,2024-09-24 05:00:21,40,Voicemail,,42,,No,Incoming
CALL-0719,+917506182867,+917907767150,2024-10-14 04:56:21,90,Missed,,43,,No,Incoming
CALL-0720,+918584529041,+918237905896,2024-10-08 02:27:21,161,Completed,Follow-up Needed,54,2.0,Yes,Incoming
CALL-0721,+918574377215,+919562006012,2024-10-03 01:13:21,294,Missed,,14,,No,Outgoing
CALL-0722,+919646471691,+917757223181,2024-09-30 05:33:21,206,Voicemail,,13,,No,Outgoing
CALL-0723,+918303843326,+917182252048,2024-10-02 00:59:21,117,Completed,Successful,56,4.0,Yes,Incoming
CALL-0724,+919157230523,+919158891947,2024-10-19 09:13:21,183,Completed,Successful,47,2.0,Yes,Incoming
CALL-0725,+917808232057,+918658614242,2024-10-09 09:38:21,194,Missed,,34,,No,Outgoing
CALL-0726,+918859953321,+918237905896,2024-09-22 15:02:21,67,Missed,,17,,No,Outgoing
CALL-0727,+919216441572,+918748351510,2024-10-14 06:41:21,260,Missed,,12,,No,Outgoing
CALL-0728,+917526265307,+917793276485,2024-09-28 09:48:21,255,Missed,,57,,No,Outgoing
CALL-0729,+917263771698,+917858085351,2024-10-18 06:35:21,145,Completed,Unsuccessful,47,3.0,Yes,Outgoing
CALL-0730,+919853452807,+917304121367,2024-10-03 16:25:21,123,Missed,,46,,No,Incoming
CALL-0731,+918280683220,+919689735267,2024-10-17 04:12:21,203,Completed,Unsuccessful,52,3.0,Yes,Outgoing
CALL-0732,+918404221192,+917405461870,2024-10-10 13:33:21,164,Completed,Successful,4,5.0,Yes,Incoming
CALL-0733,+917797839134,+917811349206,2024-09-21 16:43:21,192,Voicemail,,13,,No,Incoming
CALL-0734,+918557263847,+917353769221,2024-09-22 21:12:21,109,Completed,Successful,5,1.0,Yes,Incoming
CALL-0735,+918584529041,+919375887601,2024-09-30 23:32:21,83,Completed,Follow-up Needed,56,1.0,Yes,Outgoing
CALL-0736,+918673789544,+917895075625,2024-09-24 20:03:21,173,Completed,Successful,45,2.0,Yes,Incoming
CALL-0737,+917263771698,+917192910564,2024-09-24 15:16:21,276,Completed,Successful,19,3.0,Yes,Outgoing
CALL-0738,+917797839134,+918230570804,2024-09-24 03:49:21,294,Completed,Follow-up Needed,20,4.0,Yes,Outgoing
CALL-0739,+919806326421,+917332942670,2024-09-25 19:13:21,260,Voicemail,,27,,No,Outgoing
CALL-0740,+917152145192,+918469342634,2024-09-22 19:01:21,279,Voicemail,,7,,No,Incoming
CALL-0741,+919997145891,+917334022065,2024-09-24 02:30:21,249,Completed,Follow-up Needed,48,5.0,Yes,Incoming
CALL-0742,+918548462595,+917858085351,2024-09-23 08:42:21,155,Completed,Follow-up Needed,39,5.0,Yes,Outgoing
CALL-0743,+918673789544,+918469342634,2024-10-20 12:59:21,32,Missed,,55,,No,Incoming
CALL-0744,+919111907563,+919964636065,2024-10-10 08:02:21,54,Voicemail,,13,,No,Outgoing
CALL-0745,+917562567624,+917288405329,2024-10-09 22:04:21,35,Voicemail,,33,,No,Incoming
CALL-0746,+917545602473,+917167581591,2024-10-08 17:31:21,213,Completed,Follow-up Needed,40,1.0,Yes,Outgoing
CALL-0747,+917107176165,+917793276485,2024-10-20 14:15:21,191,Completed,Unsuccessful,20,5.0,Yes,Incoming
CALL-0748,+919379764407,+918821986033,2024-09-24 03:50:21,225,Completed,Successful,39,3.0,Yes,Incoming
CALL-0749,+919663471273,+917521032597,2024-10-03 13:19:21,236,Missed,,38,,No,Incoming
CALL-0750,+918975170694,+919590906319,2024-10-22 00:46:21,50,Voicemail,,4,,No,Incoming
CALL-0751,+917805996429,+919246810321,2024-09-28 14:21:21,95,Completed,Successful,29,2.0,Yes,Outgoing
CALL-0752,+919566302581,+918915056330,2024-09-25 00:11:21,37,Voicemail,,16,,No,Incoming
CALL-0753,+917897132941,+918330261059,2024-10-03 03:01:21,89,Missed,,26,,No,Outgoing
CALL-0754,+917930396532,+917042495003,2024-09-29 03:03:21,98,Missed,,55,,No,Outgoing
CALL-0755,+918506904093,+918732396243,2024-09-25 14:06:21,159,Completed,Successful,4,2.0,Yes,Outgoing
CALL-0756,+919646471691,+919081067071,2024-09-22 09:26:21,227,Voicemail,,21,,No,Incoming
CALL-0757,+918506904093,+918522120634,2024-10-18 07:56:21,142,Voicemail,,43,,No,Outgoing
CALL-0758,+919566302581,+918473796108,2024-10-21 22:25:21,262,Missed,,25,,No,Incoming
CALL-0759,+917936347614,+918166097535,2024-09-23 14:57:21,284,Missed,,29,,No,Outgoing
CALL-0760,+919736249837,+917332942670,2024-10-02 05:23:21,44,Voicemail,,0,,No,Incoming
CALL-0761,+917936347614,+918330261059,2024-09-25 19:53:21,37,Missed,,38,,No,Outgoing
CALL-0762,+917506182867,+919375887601,2024-10-01 01:34:21,44,Missed,,10,,No,Outgoing
CALL-0763,+919825969307,+917288405329,2024-09-23 09:35:21,65,Missed,,27,,No,Incoming
CALL-0764,+918294824913,+918915056330,2024-10-21 07:40:21,68,Completed,Successful,47,5.0,Yes,Outgoing
CALL-0765,+918206777907,+918052292683,2024-09-22 10:45:21,293,Completed,Successful,29,4.0,Yes,Outgoing
CALL-0766,+917914001766,+918791760981,2024-10-01 06:07:21,178,Missed,,56,,No,Outgoing
CALL-0767,+917746903438,+919846807147,2024-10-04 19:41:21,207,Voicemail,,59,,No,Outgoing
CALL-0768,+918267214224,+918259164023,2024-10-08 11:09:21,155,Missed,,45,,No,Incoming
CALL-0769,+917477648744,+919175290117,2024-10-18 10:06:21,152,Completed,Follow-up Needed,20,1.0,Yes,Incoming
CALL-0770,+918267214224,+918474939573,2024-09-26 13:34:21,252,Completed,Unsuccessful,7,2.0,Yes,Incoming
CALL-0771,+918847601224,+918461140276,2024-10-15 03:50:21,150,Voicemail,,1,,No,Outgoing
CALL-0772,+917545602473,+918965082689,2024-09-24 02:53:21,164,Missed,,6,,No,Outgoing
CALL-0773,+918303843326,+919832301240,2024-10-21 01:51:21,147,Completed,Successful,17,1.0,Yes,Outgoing
CALL-0774,+919566302581,+918821986033,2024-10-15 14:18:21,239,Completed,Follow-up Needed,44,3.0,Yes,Incoming
CALL-0775,+918859953321,+917977354821,2024-10-18 12:20:21,297,Completed,Follow-up Needed,28,4.0,Yes,Incoming
CALL-0776,+917914001766,+918330261059,2024-09-24 17:32:21,137,Voicemail,,50,,No,Incoming
CALL-0777,+919997145891,+917334022065,2024-10-01 23:53:21,147,Completed,Successful,37,4.0,Yes,Outgoing
CALL-0778,+919379764407,+917734579007,2024-10-12 21:15:21,93,Completed,Successful,16,3.0,Yes,Incoming
CALL-0779,+919379764407,+919846807147,2024-10-18 18:17:21,85,Missed,,3,,No,Incoming
CALL-0780,+918522603755,+918530501855,2024-10-07 19:13:21,147,Missed,,53,,No,Incoming
CALL-0781,+917936347614,+918435610939,2024-10-21 14:56:21,267,Completed,Follow-up Needed,46,5.0,Yes,Outgoing
CALL-0782,+917107176165,+919181014895,2024-10-10 13:38:21,252,Voicemail,,28,,No,Incoming
CALL-0783,+917595467945,+918469342634,2024-10-08 15:09:21,71,Missed,,9,,No,Incoming
CALL-0784,+917477648744,+919156960995,2024-10-14 01:14:21,280,Completed,Unsuccessful,18,4.0,Yes,Outgoing
CALL-0785,+918548462595,+918259164023,2024-10-01 08:11:21,169,Voicemail,,35,,No,Outgoing
CALL-0786,+919392143036,+919168894481,2024-09-30 00:17:21,161,Missed,,30,,No,Incoming
CALL-0787,+918673789544,+917167581591,2024-10-10 22:28:21,78,Completed,Follow-up Needed,31,3.0,Yes,Incoming
CALL-0788,+917743272530,+919081067071,2024-10-13 02:37:21,264,Missed,,41,,No,Outgoing
CALL-0789,+917797839134,+919846807147,2024-10-16 15:22:21,131,Missed,,17,,No,Incoming
CALL-0790,+919723196576,+918522120634,2024-10-03 19:36:21,257,Voicemail,,48,,No,Outgoing
CALL-0791,+917011362360,+918348436710,2024-10-12 00:18:21,42,Missed,,17,,No,Incoming
CALL-0792,+919379764407,+917270845623,2024-10-15 23:53:21,170,Missed,,20,,No,Incoming
CALL-0793,+919793872876,+917593630586,2024-10-01 09:49:21,295,Voicemail,,39,,No,Incoming
CALL-0794,+917267885747,+918013879640,2024-10-04 15:04:21,46,Voicemail,,41,,No,Outgoing
CALL-0795,+919566345728,+917332942670,2024-10-09 21:13:21,192,Missed,,27,,No,Incoming
CALL-0796,+918404221192,+919181014895,2024-10-16 17:38:21,116,Voicemail,,27,,No,Incoming
CALL-0797,+917746903438,+917757223181,2024-10-09 02:52:21,239,Missed,,60,,No,Incoming
CALL-0798,+917746903438,+919964636065,2024-10-20 13:29:21,96,Completed,Follow-up Needed,31,5.0,Yes,Outgoing
CALL-0799,+919867802091,+918166097535,2024-10-19 11:48:21,130,Completed,Follow-up Needed,37,2.0,Yes,Incoming
CALL-0800,+919216441572,+919980606349,2024-10-06 16:07:21,278,Voicemail,,2,,No,Outgoing
CALL-0801,+917267885747,+919149642761,2024-10-09 15:25:21,181,Missed,,40,,No,Incoming
CALL-0802,+917267885747,+919149642761,2024-10-08 20:58:21,99,Completed,Follow-up Needed,45,4.0,Yes,Outgoing
CALL-0803,+919793872876,+919406985794,2024-09-22 22:38:21,243,Completed,Unsuccessful,20,1.0,Yes,Incoming
CALL-0804,+919825969307,+918237905896,2024-10-10 10:46:21,92,Missed,,46,,No,Incoming
CALL-0805,+919566302581,+917874400203,2024-10-16 01:33:21,192,Missed,,37,,No,Outgoing
CALL-0806,+918574377215,+918658614242,2024-09-22 01:15:21,217,Missed,,19,,No,Incoming
CALL-0807,+917805996429,+917167835353,2024-10-03 16:55:21,222,Missed,,41,,No,Outgoing
CALL-0808,+917657911313,+918237905896,2024-10-09 14:43:21,92,Completed,Successful,17,4.0,Yes,Outgoing
CALL-0809,+919809641355,+918277028600,2024-09-23 20:57:21,280,Missed,,58,,No,Outgoing
CALL-0810,+917477648744,+919381196902,2024-09-23 06:20:21,244,Completed,Follow-up Needed,48,4.0,Yes,Incoming
CALL-0811,+918574377215,+917895075625,2024-10-06 13:13:21,215,Voicemail,,6,,No,Incoming
CALL-0812,+919061655667,+917858085351,2024-10-15 08:13:21,224,Voicemail,,29,,No,Incoming
CALL-0813,+919997145891,+917895075625,2024-10-10 15:10:21,206,Completed,Follow-up Needed,49,1.0,Yes,Incoming
CALL-0814,+919379764407,+919881485378,2024-10-21 20:06:21,268,Completed,Successful,15,2.0,Yes,Outgoing
CALL-0815,+918557263847,+919251220651,2024-10-01 05:54:21,215,Completed,Successful,54,5.0,Yes,Outgoing
CALL-0816,+918825880347,+918530501855,2024-10-17 12:09:21,121,Completed,Successful,33,4.0,Yes,Outgoing
CALL-0817,+917930396532,+919375887601,2024-09-24 02:08:21,110,Missed,,38,,No,Outgoing
CALL-0818,+917263771698,+917288405329,2024-10-14 04:39:21,203,Voicemail,,38,,No,Incoming
CALL-0819,+917640114772,+918732396243,2024-10-13 18:25:21,50,Missed,,38,,No,Incoming
CALL-0820,+919357135779,+918469342634,2024-09-22 19:40:21,202,Completed,Unsuccessful,55,4.0,Yes,Incoming
CALL-0821,+919694915433,+918537837054,2024-10-16 01:30:21,46,Missed,,25,,No,Outgoing
CALL-0822,+918735608818,+919175290117,2024-10-03 07:29:21,194,Completed,Successful,35,3.0,Yes,Incoming
CALL-0823,+917805996429,+918791760981,2024-10-18 22:56:21,137,Voicemail,,17,,No,Outgoing
CALL-0824,+917176335481,+919590906319,2024-10-10 03:19:21,296,Completed,Successful,1,5.0,Yes,Incoming
CALL-0825,+919639071307,+917167581591,2024-09-25 01:51:21,121,Completed,Follow-up Needed,50,5.0,Yes,Incoming
CALL-0826,+918294824913,+918530501855,2024-10-18 22:05:21,184,Missed,,10,,No,Outgoing
CALL-0827,+918732737321,+918581686070,2024-10-19 05:23:21,125,Missed,,0,,No,Incoming
CALL-0828,+919978543331,+918473796108,2024-10-02 21:28:21,293,Voicemail,,14,,No,Incoming
CALL-0829,+918525320033,+918013879640,2024-10-11 10:50:21,135,Missed,,46,,No,Outgoing
CALL-0830,+918031211628,+919964636065,2024-10-03 23:39:21,182,Missed,,0,,No,Incoming
CALL-0831,+917797952570,+918915056330,2024-10-03 05:14:21,264,Missed,,57,,No,Incoming
CALL-0832,+919111907563,+919689735267,2024-09-28 18:13:21,230,Completed,Follow-up Needed,35,2.0,Yes,Outgoing
CALL-0833,+919379764407,+919980606349,2024-09-26 00:43:21,142,Completed,Successful,1,1.0,Yes,Incoming
CALL-0834,+919148124600,+919562006012,2024-10-16 12:30:21,284,Voicemail,,23,,No,Outgoing
CALL-0835,+918267214224,+919251220651,2024-10-07 20:34:21,271,Missed,,39,,No,Incoming
CALL-0836,+919061655667,+917405461870,2024-09-27 20:38:21,211,Voicemail,,32,,No,Incoming
CALL-0837,+918522603755,+918272454646,2024-09-27 00:59:21,155,Completed,Unsuccessful,52,2.0,Yes,Incoming
CALL-0838,+918584529041,+918259164023,2024-10-01 04:06:21,243,Completed,Unsuccessful,32,3.0,Yes,Outgoing
CALL-0839,+918781851048,+917042495003,2024-10-10 06:23:21,118,Completed,Successful,10,4.0,Yes,Incoming
CALL-0840,+918267214224,+917207716545,2024-10-16 22:43:21,161,Voicemail,,9,,No,Outgoing
CALL-0841,+919779883576,+918352075240,2024-10-09 16:48:21,37,Missed,,56,,No,Outgoing
CALL-0842,+918388800579,+918983801477,2024-10-21 08:16:21,169,Completed,Follow-up Needed,19,4.0,Yes,Outgoing
CALL-0843,+919646471691,+918474939573,2024-10-04 21:59:21,298,Missed,,10,,No,Outgoing
CALL-0844,+918388800579,+917414817944,2024-10-21 12:25:21,165,Completed,Successful,12,3.0,Yes,Outgoing
CALL-0845,+918294824913,+918052292683,2024-10-02 05:21:21,253,Voicemail,,51,,No,Incoming
CALL-0846,+917797839134,+919832301240,2024-10-07 18:40:21,107,Completed,Follow-up Needed,38,5.0,Yes,Outgoing
CALL-0847,+918303843326,+918530501855,2024-10-06 21:43:21,115,Completed,Successful,7,1.0,Yes,Outgoing
CALL-0848,+919723196576,+919709988637,2024-09-28 06:55:21,110,Voicemail,,39,,No,Outgoing
CALL-0849,+917107176165,+919980606349,2024-09-26 12:44:21,104,Voicemail,,5,,No,Outgoing
CALL-0850,+918629622685,+919081518972,2024-09-27 23:25:21,195,Missed,,49,,No,Incoming
CALL-0851,+919793872876,+918166097535,2024-09-29 01:51:21,209,Missed,,11,,No,Outgoing
CALL-0852,+917595467945,+919980606349,2024-10-04 17:06:21,56,Missed,,28,,No,Outgoing
CALL-0853,+917404939300,+918166097535,2024-10-05 18:38:21,178,Missed,,51,,No,Incoming
CALL-0854,+918525320033,+918965082689,2024-09-23 04:52:21,174,Voicemail,,25,,No,Outgoing
CALL-0855,+918052132587,+919351176818,2024-10-02 15:39:21,58,Voicemail,,10,,No,Outgoing
CALL-0856,+918913348248,+919351176818,2024-10-15 08:53:21,181,Missed,,37,,No,Incoming
CALL-0857,+917477648744,+917687785376,2024-10-15 01:21:21,124,Missed,,49,,No,Incoming
CALL-0858,+919806326421,+917288405329,2024-10-11 01:58:21,71,Completed,Unsuccessful,14,3.0,Yes,Incoming
CALL-0859,+918719772453,+917207716545,2024-10-14 21:24:21,208,Missed,,34,,No,Incoming
CALL-0860,+917477648744,+917091196874,2024-09-22 22:55:21,187,Missed,,16,,No,Incoming
CALL-0861,+918052436608,+917278036431,2024-10-03 06:44:21,290,Missed,,48,,No,Incoming
CALL-0862,+918052132587,+918230570804,2024-10-02 15:03:21,124,Missed,,59,,No,Outgoing
CALL-0863,+918673789544,+918986357298,2024-10-09 07:14:21,186,Voicemail,,6,,No,Incoming
CALL-0864,+917477648744,+917091196874,2024-10-17 03:59:21,102,Completed,Successful,24,1.0,Yes,Outgoing
CALL-0865,+917808232057,+918272454646,2024-09-29 12:14:21,119,Voicemail,,23,,No,Incoming
CALL-0866,+918975170694,+917593630586,2024-10-03 02:11:21,197,Voicemail,,28,,No,Outgoing
CALL-0867,+917011362360,+917593630586,2024-09-30 17:12:21,95,Missed,,47,,No,Incoming
CALL-0868,+919357135779,+919351176818,2024-10-17 18:05:21,201,Missed,,14,,No,Outgoing
CALL-0869,+919111907563,+918581686070,2024-10-14 01:56:21,294,Completed,Successful,18,5.0,Yes,Outgoing
CALL-0870,+919779883576,+918965082689,2024-10-04 04:02:21,284,Completed,Unsuccessful,23,5.0,Yes,Incoming
CALL-0871,+917152145192,+919846807147,2024-10-04 06:00:21,177,Voicemail,,31,,No,Outgoing
CALL-0872,+919197759284,+919825698942,2024-09-23 10:30:21,60,Completed,Follow-up Needed,23,4.0,Yes,Incoming
CALL-0873,+917603256707,+918894667346,2024-10-03 19:53:21,278,Completed,Unsuccessful,59,1.0,Yes,Outgoing
CALL-0874,+919429054132,+919832301240,2024-10-08 13:47:21,110,Missed,,45,,No,Incoming
CALL-0875,+917936347614,+919846807147,2024-10-08 13:28:21,154,Voicemail,,25,,No,Outgoing
CALL-0876,+918557263847,+917734579007,2024-10-19 14:35:21,216,Voicemail,,48,,No,Outgoing
CALL-0877,+918719772453,+918530501855,2024-10-20 08:14:21,252,Completed,Successful,28,1.0,Yes,Outgoing
CALL-0878,+919853452807,+917858085351,2024-10-18 11:52:21,77,Missed,,45,,No,Incoming
CALL-0879,+918732737321,+917977354821,2024-09-26 11:50:21,148,Completed,Follow-up Needed,7,1.0,Yes,Outgoing
CALL-0880,+918847601224,+919251220651,2024-10-05 16:45:21,295,Completed,Unsuccessful,40,3.0,Yes,Outgoing
CALL-0881,+919867802091,+918473796108,2024-10-09 11:42:21,40,Completed,Unsuccessful,1,4.0,Yes,Incoming
CALL-0882,+918735608818,+918983801477,2024-09-25 06:11:21,98,Voicemail,,39,,No,Outgoing
CALL-0883,+918031211628,+918821986033,2024-09-25 18:12:21,93,Missed,,21,,No,Incoming
CALL-0884,+918975170694,+918748351510,2024-09-26 01:58:21,93,Completed,Successful,38,1.0,Yes,Outgoing
CALL-0885,+918825880347,+919081518972,2024-09-28 11:04:21,115,Voicemail,,25,,No,Outgoing
CALL-0886,+919867802091,+918530501855,2024-10-12 07:14:21,36,Voicemail,,45,,No,Outgoing
CALL-0887,+918525320033,+918791760981,2024-10-06 02:23:21,278,Missed,,48,,No,Incoming
CALL-0888,+918574377215,+919181014895,2024-10-05 17:38:21,121,Missed,,22,,No,Outgoing
CALL-0889,+918031211628,+918453225406,2024-10-21 00:17:21,67,Voicemail,,18,,No,Incoming
CALL-0890,+919646471691,+919670295347,2024-09-28 14:01:21,33,Voicemail,,37,,No,Outgoing
CALL-0891,+918694999064,+917262550302,2024-10-14 12:09:21,140,Voicemail,,6,,No,Incoming
CALL-0892,+917506182867,+919825698942,2024-09-26 08:18:21,157,Missed,,37,,No,Outgoing
CALL-0893,+918303843326,+918272454646,2024-09-24 08:24:21,239,Completed,Unsuccessful,26,1.0,Yes,Incoming
CALL-0894,+918404221192,+919081067071,2024-09-29 23:38:21,175,Voicemail,,51,,No,Outgoing
CALL-0895,+919793872876,+919881485378,2024-09-23 02:07:21,290,Missed,,16,,No,Incoming
CALL-0896,+918584529041,+917858085351,2024-10-20 23:22:21,279,Completed,Successful,25,4.0,Yes,Outgoing
CALL-0897,+919806326421,+917874400203,2024-10-11 05:32:21,170,Voicemail,,59,,No,Outgoing
CALL-0898,+917107176165,+917262550302,2024-10-21 00:07:21,103,Completed,Successful,38,4.0,Yes,Incoming
CALL-0899,+918031211628,+919351176818,2024-10-02 14:05:21,39,Missed,,45,,No,Incoming
CALL-0900,+917746903438,+918330261059,2024-10-13 22:49:21,244,Missed,,51,,No,Incoming
CALL-0901,+919825969307,+917091196874,2024-09-23 22:08:21,295,Voicemail,,35,,No,Outgoing
CALL-0902,+917562567624,+919251220651,2024-10-20 09:51:21,190,Completed,Successful,39,2.0,Yes,Outgoing
CALL-0903,+917595467945,+919375887601,2024-10-11 16:56:21,258,Voicemail,,1,,No,Incoming
CALL-0904,+917936347614,+919375887601,2024-10-18 18:42:21,257,Completed,Unsuccessful,18,2.0,Yes,Outgoing
CALL-0905,+919809641355,+919975008488,2024-10-07 23:14:21,162,Missed,,38,,No,Incoming
CALL-0906,+917797952570,+917858085351,2024-10-03 04:34:21,200,Completed,Follow-up Needed,30,5.0,Yes,Incoming
CALL-0907,+918522603755,+917811349206,2024-10-12 14:11:21,105,Voicemail,,42,,No,Outgoing
CALL-0908,+917797839134,+917521032597,2024-10-17 05:48:21,101,Voicemail,,20,,No,Outgoing
CALL-0909,+917808232057,+917874400203,2024-10-17 12:15:21,108,Missed,,20,,No,Incoming
CALL-0910,+919578580074,+917405461870,2024-10-17 12:24:21,299,Missed,,38,,No,Incoming
CALL-0911,+917743272530,+919351176818,2024-09-22 21:31:21,221,Completed,Successful,44,5.0,Yes,Outgoing
CALL-0912,+919639071307,+917167835353,2024-10-03 17:33:21,65,Completed,Follow-up Needed,37,1.0,Yes,Outgoing
CALL-0913,+919216441572,+918748351510,2024-09-22 13:41:21,245,Completed,Unsuccessful,52,2.0,Yes,Outgoing
CALL-0914,+918825880347,+918599753306,2024-09-22 23:32:21,50,Missed,,30,,No,Incoming
CALL-0915,+919846906255,+917192910564,2024-10-03 18:39:21,88,Missed,,23,,No,Outgoing
CALL-0916,+918052132587,+919562006012,2024-10-04 18:45:21,129,Voicemail,,24,,No,Outgoing
CALL-0917,+919061655667,+919375887601,2024-09-29 13:32:21,169,Completed,Unsuccessful,0,3.0,Yes,Outgoing
CALL-0918,+918673789544,+919350285161,2024-09-29 07:49:21,53,Missed,,35,,No,Outgoing
CALL-0919,+919216441572,+919864095617,2024-09-25 00:29:21,101,Completed,Follow-up Needed,32,3.0,Yes,Outgoing
CALL-0920,+919997145891,+917895075625,2024-10-04 09:24:21,45,Voicemail,,34,,No,Incoming
CALL-0921,+919578580074,+919846807147,2024-10-15 01:07:21,254,Completed,Successful,18,1.0,Yes,Outgoing
CALL-0922,+919694915433,+918658614242,2024-09-25 16:45:21,63,Missed,,43,,No,Incoming
CALL-0923,+919997145891,+917192910564,2024-09-24 10:20:21,176,Missed,,39,,No,Outgoing
CALL-0924,+919825969307,+917757223181,2024-10-13 11:10:21,217,Voicemail,,51,,No,Incoming
CALL-0925,+919779883576,+917270845623,2024-10-15 23:35:21,174,Voicemail,,44,,No,Outgoing
CALL-0926,+918404221192,+918352075240,2024-09-27 02:48:21,165,Voicemail,,1,,No,Incoming
CALL-0927,+919978543331,+918928155356,2024-10-08 07:16:21,206,Completed,Successful,13,2.0,Yes,Outgoing
CALL-0928,+918847601224,+917452738427,2024-10-14 19:58:21,35,Completed,Unsuccessful,48,3.0,Yes,Incoming
CALL-0929,+919736249837,+917288405329,2024-09-21 15:10:21,128,Completed,Follow-up Needed,26,2.0,Yes,Outgoing
CALL-0930,+918735608818,+919168894481,2024-10-03 12:21:21,223,Missed,,15,,No,Incoming
CALL-0931,+918719772453,+919156960995,2024-09-29 23:15:21,103,Voicemail,,11,,No,Incoming
CALL-0932,+919867802091,+917907767150,2024-10-12 13:18:21,135,Voicemail,,59,,No,Incoming
CALL-0933,+917797839134,+918581686070,2024-10-15 03:05:21,250,Missed,,16,,No,Incoming
CALL-0934,+919978543331,+917262550302,2024-10-10 11:12:21,149,Voicemail,,21,,No,Incoming
CALL-0935,+919663471273,+918732396243,2024-09-24 16:30:21,205,Voicemail,,11,,No,Outgoing
CALL-0936,+918694999064,+919175290117,2024-10-15 02:06:21,84,Completed,Successful,33,3.0,Yes,Incoming
CALL-0937,+917467875435,+918983801477,2024-10-20 18:46:21,97,Voicemail,,18,,No,Incoming
CALL-0938,+919197759284,+917511766382,2024-10-21 12:23:21,37,Missed,,49,,No,Incoming
CALL-0939,+918280683220,+919562006012,2024-09-22 22:26:21,228,Completed,Follow-up Needed,46,2.0,Yes,Incoming
CALL-0940,+918574377215,+919333889496,2024-09-22 02:37:21,242,Completed,Follow-up Needed,2,2.0,Yes,Incoming
CALL-0941,+919378833127,+918352075240,2024-10-09 07:17:21,248,Completed,Unsuccessful,43,1.0,Yes,Incoming
CALL-0942,+918735608818,+919175290117,2024-10-09 14:28:21,163,Voicemail,,38,,No,Outgoing
CALL-0943,+919566302581,+917182252048,2024-10-01 05:12:21,261,Missed,,22,,No,Incoming
CALL-0944,+918548462595,+919846807147,2024-09-27 20:01:21,78,Voicemail,,1,,No,Outgoing
CALL-0945,+918525320033,+918461140276,2024-10-19 22:16:21,105,Missed,,60,,No,Incoming
CALL-0946,+919837703347,+917405461870,2024-10-08 03:52:21,68,Voicemail,,0,,No,Outgoing
CALL-0947,+918404221192,+917858085351,2024-09-25 01:29:21,157,Completed,Follow-up Needed,38,4.0,Yes,Outgoing
CALL-0948,+918311111641,+917511766382,2024-10-13 08:49:21,86,Voicemail,,2,,No,Incoming
CALL-0949,+917603256707,+918658614242,2024-10-20 22:59:21,130,Voicemail,,5,,No,Outgoing
CALL-0950,+919846906255,+918732396243,2024-10-14 18:24:21,67,Missed,,37,,No,Outgoing
CALL-0951,+917506182867,+918658614242,2024-10-16 05:22:21,217,Voicemail,,29,,No,Outgoing
CALL-0952,+917176335481,+918579918949,2024-09-28 22:14:21,48,Missed,,11,,No,Outgoing
CALL-0953,+917129021707,+917042495003,2024-10-19 10:20:21,167,Completed,Successful,18,3.0,Yes,Outgoing
CALL-0954,+918206777907,+919246810321,2024-10-11 13:58:21,273,Missed,,13,,No,Incoming
CALL-0955,+919867802091,+918052292683,2024-10-22 07:44:21,169,Voicemail,,51,,No,Outgoing
CALL-0956,+918629622685,+917687785376,2024-10-07 18:57:21,89,Voicemail,,39,,No,Incoming
CALL-0957,+918522603755,+917757223181,2024-10-13 17:09:21,252,Completed,Unsuccessful,14,1.0,Yes,Incoming
CALL-0958,+918748166202,+918272454646,2024-10-06 19:13:21,124,Completed,Follow-up Needed,52,3.0,Yes,Outgoing
CALL-0959,+917467875435,+917405461870,2024-09-30 04:01:21,75,Voicemail,,20,,No,Incoming
CALL-0960,+919809641355,+918581686070,2024-10-01 07:10:21,269,Missed,,27,,No,Outgoing
CALL-0961,+918847601224,+917521032597,2024-10-21 10:52:21,289,Completed,Unsuccessful,20,4.0,Yes,Outgoing
CALL-0962,+917595467945,+917874400203,2024-09-28 09:38:21,287,Completed,Successful,33,1.0,Yes,Outgoing
CALL-0963,+918294824913,+918574461614,2024-10-14 01:23:21,239,Completed,Follow-up Needed,56,4.0,Yes,Outgoing
CALL-0964,+919378833127,+919406985794,2024-10-03 17:17:21,113,Voicemail,,53,,No,Outgoing
CALL-0965,+918913348248,+917334022065,2024-10-05 04:13:21,289,Missed,,53,,No,Incoming
CALL-0966,+918825880347,+917521032597,2024-10-09 07:06:21,260,Voicemail,,49,,No,Incoming
CALL-0967,+917930396532,+917278036431,2024-09-23 03:50:21,207,Completed,Follow-up Needed,29,3.0,Yes,Outgoing
CALL-0968,+919825969307,+917687785376,2024-09-26 05:06:21,84,Completed,Unsuccessful,57,2.0,Yes,Incoming
CALL-0969,+917457801623,+917334022065,2024-10-09 21:14:21,151,Completed,Unsuccessful,22,3.0,Yes,Outgoing
CALL-0970,+918052132587,+919628181988,2024-10-16 13:21:21,262,Voicemail,,13,,No,Outgoing
CALL-0971,+917808232057,+919168894481,2024-10-03 12:10:21,71,Voicemail,,22,,No,Outgoing
CALL-0972,+917930396532,+917874400203,2024-10-04 18:01:21,224,Completed,Successful,52,4.0,Yes,Incoming
CALL-0973,+919646471691,+917332942670,2024-10-14 10:39:21,258,Voicemail,,52,,No,Outgoing
CALL-0974,+918280683220,+918579918949,2024-10-12 19:08:21,70,Voicemail,,22,,No,Outgoing
CALL-0975,+918404221192,+918352075240,2024-10-06 02:30:21,66,Completed,Follow-up Needed,39,5.0,Yes,Outgoing
CALL-0976,+919779883576,+917405461870,2024-10-02 15:32:21,278,Missed,,33,,No,Outgoing
CALL-0977,+917897132941,+918808362138,2024-09-26 07:00:21,167,Missed,,58,,No,Outgoing
CALL-0978,+919867802091,+918013879640,2024-10-15 00:18:21,66,Completed,Successful,57,1.0,Yes,Incoming
CALL-0979,+918748166202,+917288405329,2024-10-07 16:39:21,189,Completed,Unsuccessful,2,2.0,Yes,Incoming
CALL-0980,+919694915433,+917192910564,2024-10-21 23:40:21,165,Completed,Unsuccessful,26,3.0,Yes,Incoming
CALL-0981,+918859953321,+919168894481,2024-10-04 06:25:21,132,Completed,Unsuccessful,58,2.0,Yes,Incoming
CALL-0982,+919197759284,+918579918949,2024-09-24 05:38:21,172,Missed,,2,,No,Incoming
CALL-0983,+917808232057,+919628181988,2024-10-09 23:58:21,126,Completed,Successful,48,4.0,Yes,Incoming
CALL-0984,+917011362360,+919350285161,2024-09-24 06:02:21,65,Completed,Follow-up Needed,32,3.0,Yes,Incoming
CALL-0985,+919429054132,+918469342634,2024-10-20 21:50:21,76,Voicemail,,15,,No,Incoming
CALL-0986,+917743272530,+919333889496,2024-10-05 03:07:21,168,Missed,,20,,No,Incoming
CALL-0987,+917263771698,+918473796108,2024-09-26 03:46:21,226,Voicemail,,8,,No,Incoming
CALL-0988,+919646471691,+919246810321,2024-10-06 06:29:21,97,Voicemail,,44,,No,Incoming
CALL-0989,+917526265307,+917167835353,2024-10-18 18:34:21,120,Voicemail,,10,,No,Outgoing
CALL-0990,+919223880416,+919964636065,2024-10-09 19:19:21,79,Completed,Follow-up Needed,50,2.0,Yes,Outgoing
CALL-0991,+919779883576,+919980606349,2024-10-11 00:20:21,148,Voicemail,,57,,No,Outgoing
CALL-0992,+919853452807,+918259164023,2024-09-26 21:35:21,250,Missed,,7,,No,Outgoing
CALL-0993,+918388800579,+918581686070,2024-10-09 18:08:21,233,Missed,,47,,No,Outgoing
CALL-0994,+918280683220,+917270845623,2024-10-14 15:05:21,163,Completed,Unsuccessful,43,5.0,Yes,Outgoing
CALL-0995,+919997145891,+919081518972,2024-10-20 00:14:21,191,Completed,Unsuccessful,6,4.0,Yes,Incoming
CALL-0996,+919272695369,+919381196902,2024-10-09 08:25:21,58,Missed,,10,,No,Outgoing
CALL-0997,+918548462595,+919175290117,2024-10-12 20:58:21,173,Voicemail,,55,,No,Outgoing
CALL-0998,+917152145192,+917091196874,2024-09-25 13:49:21,257,Missed,,26,,No,Outgoing
CALL-0999,+917404939300,+918791760981,2024-10-04 06:14:21,48,Voicemail,,13,,No,Incoming
CALL-1000,+919111907563,+918259164023,2024-10-04 19:16:21,106,Missed,,27,,No,Incoming
